Area,Actual Price,Predicted Price,Residual
804,2409000,2466794.56,-57794.560000000056
806,2578000,2474079.31,103920.68999999994
810,2396000,2488648.81,-92648.81000000006
811,2398000,2492291.18,-94291.18000000017
813,2461000,2499575.93,-38575.93000000017
815,2377000,2506860.68,-129860.68000000017
817,2611000,2514145.43,96854.56999999983
822,2536000,2532357.31,3642.689999999944
828,2579000,2554211.56,24788.439999999944
829,2651000,2557853.93,93146.06999999983
830,2507000,2561496.31,-54496.310000000056
833,2650000,2572423.43,77576.56999999983
838,2592000,2590635.31,1364.6899999999441
840,2548000,2597920.06,-49920.060000000056
841,2739000,2601562.43,137437.56999999983
841,2572000,2601562.43,-29562.430000000168
842,2659000,2605204.81,53795.189999999944
846,2623000,2619774.3,3225.7000000001863
847,2678000,2623416.68,54583.31999999983
848,2516000,2627059.05,-111059.04999999981
852,2670000,2641628.55,28371.450000000186
854,2711000,2648913.3,62086.700000000186
856,2733000,2656198.05,76801.95000000019
857,2722000,2659840.43,62159.56999999983
857,2514000,2659840.43,-145840.43000000017
858,2555000,2663482.8,-108482.79999999981
863,2670000,2681694.68,-11694.680000000168
864,2759000,2685337.05,73662.95000000019
872,2802000,2714476.05,87523.95000000019
873,2728000,2718118.43,9881.569999999832
880,2752000,2743615.05,8384.950000000186
880,2782000,2743615.05,38384.950000000186
882,2584000,2750899.8,-166899.7999999998
883,2577000,2754542.18,-177542.18000000017
885,2678000,2761826.92,-83826.91999999993
888,2549000,2772754.05,-223754.0499999998
889,2790000,2776396.42,13603.580000000075
890,2703000,2780038.8,-77038.79999999981
894,2692000,2794608.3,-102608.29999999981
901,2800000,2820104.92,-20104.919999999925
904,2693000,2831032.05,-138032.0499999998
907,2970000,2841959.17,128040.83000000007
908,2887000,2845601.55,41398.450000000186
909,2790000,2849243.92,-59243.919999999925
911,2987000,2856528.67,130471.33000000007
914,2699000,2867455.8,-168455.7999999998
914,2887000,2867455.8,19544.200000000186
917,2803000,2878382.92,-75382.91999999993
919,2811000,2885667.67,-74667.66999999993
922,2831000,2896594.8,-65594.79999999981
923,2863000,2900237.17,-37237.169999999925
925,2931000,2907521.92,23478.080000000075
926,2919000,2911164.29,7835.709999999963
927,3041000,2914806.67,126193.33000000007
930,2898000,2925733.79,-27733.790000000037
931,2990000,2929376.17,60623.830000000075
934,2998000,2940303.29,57696.70999999996
936,2974000,2947588.04,26411.959999999963
938,2901000,2954872.79,-53872.79000000004
938,2886000,2954872.79,-68872.79000000004
939,2929000,2958515.17,-29515.169999999925
945,3053000,2980369.42,72630.58000000007
948,2956000,2991296.54,-35296.54000000004
948,3010000,2991296.54,18703.459999999963
949,3105000,2994938.92,110061.08000000007
958,3099000,3027720.29,71279.70999999996
960,2966000,3035005.04,-69005.04000000004
962,3072000,3042289.79,29710.209999999963
965,3186000,3053216.92,132783.08000000007
965,3103000,3053216.92,49783.080000000075
966,3015000,3056859.29,-41859.29000000004
969,3263000,3067786.41,195213.58999999985
970,2949000,3071428.79,-122428.79000000004
970,3127000,3071428.79,55571.20999999996
974,3002000,3085998.29,-83998.29000000004
976,3061000,3093283.04,-32283.040000000037
977,3259000,3096925.41,162074.58999999985
979,3163000,3104210.16,58789.83999999985
988,3156000,3136991.54,19008.459999999963
999,3263000,3177057.66,85942.33999999985
1000,3206000,3180700.04,25299.959999999963
1001,3079000,3184342.41,-105342.41000000015
1016,3284000,3238978.03,45021.970000000205
1016,3239000,3238978.03,21.97000000020489
1018,3333000,3246262.78,86737.2200000002
1019,3188000,3249905.16,-61905.16000000015
1023,3371000,3264474.66,106525.33999999985
1025,3257000,3271759.41,-14759.410000000149
1029,3168000,3286328.91,-118328.91000000015
1032,3261000,3297256.03,-36256.029999999795
1040,3270000,3326395.03,-56395.029999999795
1042,3161000,3333679.78,-172679.7799999998
1042,3298000,3333679.78,-35679.779999999795
1043,3428000,3337322.16,90677.83999999985
1046,3266000,3348249.28,-82249.2799999998
1048,3439000,3355534.03,83465.9700000002
1051,3379000,3366461.15,12538.850000000093
1058,3454000,3391957.78,62042.220000000205
1062,3259000,3406527.28,-147527.2799999998
1065,3329000,3417454.4,-88454.3999999999
1069,3343000,3432023.9,-89023.8999999999
1072,3521000,3442951.03,78048.9700000002
1074,3336000,3450235.78,-114235.7799999998
1074,3510000,3450235.78,59764.220000000205
1076,3359000,3457520.53,-98520.5299999998
1076,3503000,3457520.53,45479.470000000205
1077,3528000,3461162.9,66837.1000000001
1085,3498000,3490301.9,7698.100000000093
1085,3553000,3490301.9,62698.10000000009
1087,3541000,3497586.65,43413.35000000009
1088,3417000,3501229.03,-84229.0299999998
1090,3544000,3508513.78,35486.220000000205
1092,3461000,3515798.52,-54798.52000000002
1097,3682000,3534010.4,147989.6000000001
1105,3480000,3563149.4,-83149.3999999999
1108,3582000,3574076.52,7923.479999999981
1112,3567000,3588646.02,-21646.02000000002
1112,3670000,3588646.02,81353.97999999998
1112,3652000,3588646.02,63353.97999999998
1115,3702000,3599573.15,102426.8500000001
1120,3564000,3617785.02,-53785.02000000002
1123,3625000,3628712.15,-3712.149999999907
1127,3504000,3643281.65,-139281.6499999999
1128,3697000,3646924.02,50075.97999999998
1130,3610000,3654208.77,-44208.77000000002
1132,3659000,3661493.52,-2493.5200000000186
1133,3624000,3665135.89,-41135.89000000013
1133,3651000,3665135.89,-14135.89000000013
1141,3599000,3694274.89,-95274.89000000013
1142,3672000,3697917.27,-25917.27000000002
1146,3691000,3712486.77,-21486.77000000002
1147,3762000,3716129.14,45870.85999999987
1148,3640000,3719771.52,-79771.52000000002
1151,3768000,3730698.64,37301.35999999987
1152,3670000,3734341.02,-64341.02000000002
1152,3675000,3734341.02,-59341.02000000002
1152,3785000,3734341.02,50658.97999999998
1154,3576000,3741625.77,-165625.77000000002
1156,3726000,3748910.52,-22910.52000000002
1166,3745000,3785334.27,-40334.27000000002
1167,3778000,3788976.64,-10976.64000000013
1168,3772000,3792619.02,-20619.02000000002
1168,3829000,3792619.02,36380.97999999998
1173,3719000,3810830.89,-91830.89000000013
1184,3855000,3850897.01,4102.9900000002235
1184,3928000,3850897.01,77102.99000000022
1186,3787000,3858181.76,-71181.75999999978
1187,3913000,3861824.14,51175.85999999987
1188,3857000,3865466.51,-8466.509999999776
1196,3901000,3894605.51,6394.4900000002235
1197,3780000,3898247.89,-118247.89000000013
1200,3813000,3909175.01,-96175.00999999978
1202,3910000,3916459.76,-6459.7599999997765
1204,3960000,3923744.51,36255.49000000022
1209,4023000,3941956.39,81043.60999999987
1212,3974000,3952883.51,21116.490000000224
1213,4119000,3956525.89,162474.10999999987
1217,4002000,3971095.38,30904.62000000011
1218,3883000,3974737.76,-91737.75999999978
1224,3969000,3996592.01,-27592.009999999776
1225,4071000,4000234.38,70765.62000000011
1225,3839000,4000234.38,-161234.3799999999
1228,4095000,4011161.51,83838.49000000022
1233,4181000,4029373.38,151626.6200000001
1233,4013000,4029373.38,-16373.379999999888
1234,4126000,4033015.76,92984.24000000022
1240,4045000,4054870.01,-9870.009999999776
1243,4123000,4065797.13,57202.87000000011
1248,3983000,4084009.01,-101009.00999999978
1250,4177000,4091293.76,85706.24000000022
1250,4076000,4091293.76,-15293.759999999776
1252,4096000,4098578.51,-2578.5099999997765
1253,4109000,4102220.88,6779.120000000112
1254,4091000,4105863.26,-14863.259999999776
1258,4163000,4120432.75,42567.25
1265,4033000,4145929.38,-112929.37999999989
1270,4115000,4164141.25,-49141.25
1275,4093000,4182353.13,-89353.12999999989
1280,4185000,4200565.0,-15565.0
1280,4161000,4200565.0,-39565.0
1280,4225000,4200565.0,24435.0
1280,4299000,4200565.0,98435.0
1282,4189000,4207849.75,-18849.75
1282,4186000,4207849.75,-21849.75
1286,4172000,4222419.25,-50419.25
1298,4227000,4266127.75,-39127.75
1299,4260000,4269770.12,-9770.120000000112
1300,4312000,4273412.5,38587.5
1301,4259000,4277054.87,-18054.87000000011
1304,4352000,4287982.0,64018.0
1305,4313000,4291624.37,21375.62999999989
1306,4227000,4295266.75,-68266.75
1313,4307000,4320763.37,-13763.370000000112
1313,4110000,4320763.37,-210763.3700000001
1326,4235000,4368114.25,-133114.25
1328,4383000,4375399.0,7601.0
1328,4322000,4375399.0,-53399.0
1332,4373000,4389968.5,-16968.5
1335,4447000,4400895.62,46104.37999999989
1339,4371000,4415465.12,-44465.12000000011
1342,4473000,4426392.24,46607.75999999978
1347,4454000,4444604.12,9395.879999999888
1349,4417000,4451888.87,-34888.87000000011
1351,4519000,4459173.62,59826.37999999989
1355,4354000,4473743.12,-119743.12000000011
1355,4519000,4473743.12,45256.87999999989
1358,4484000,4484670.24,-670.2400000002235
1367,4519000,4517451.62,1548.3799999998882
1372,4593000,4535663.49,57336.50999999978
1373,4473000,4539305.87,-66305.87000000011
1380,4640000,4564802.49,75197.50999999978
1384,4742000,4579371.99,162628.00999999978
1388,4527000,4593941.49,-66941.49000000022
1401,4608000,4641292.36,-33292.360000000335
1403,4685000,4648577.11,36422.889999999665
1404,4618000,4652219.49,-34219.49000000022
1404,4699000,4652219.49,46780.50999999978
1409,4568000,4670431.36,-102431.36000000034
1415,4757000,4692285.61,64714.389999999665
1416,4758000,4695927.99,62072.00999999978
1419,4780000,4706855.11,73144.88999999966
1424,4896000,4725066.98,170933.01999999955
1425,4779000,4728709.36,50290.639999999665
1425,4813000,4728709.36,84290.63999999966
1427,4716000,4735994.11,-19994.110000000335
1428,4786000,4739636.48,46363.51999999955
1429,4641000,4743278.86,-102278.86000000034
1431,4903000,4750563.61,152436.38999999966
1432,4737000,4754205.98,-17205.980000000447
1434,4642000,4761490.73,-119490.73000000045
1435,4806000,4765133.11,40866.889999999665
1435,4759000,4765133.11,-6133.110000000335
1436,4933000,4768775.48,164224.51999999955
1447,4760000,4808841.61,-48841.610000000335
1449,4815000,4816126.36,-1126.3600000003353
1449,4780000,4816126.36,-36126.360000000335
1458,4941000,4848907.73,92092.26999999955
1461,4782000,4859834.86,-77834.86000000034
1463,4943000,4867119.61,75880.38999999966
1464,4806000,4870761.98,-64761.98000000045
1465,4843000,4874404.35,-31404.349999999627
1466,4903000,4878046.73,24953.269999999553
1469,4986000,4888973.85,97026.15000000037
1470,4881000,4892616.23,-11616.230000000447
1472,4919000,4899900.98,19099.019999999553
1473,4719000,4903543.35,-184543.34999999963
1479,4988000,4925397.6,62602.40000000037
1479,5053000,4925397.6,127602.40000000037
1488,5047000,4958178.98,88821.01999999955
1495,5071000,4983675.6,87324.40000000037
1497,4865000,4990960.35,-125960.34999999963
1501,5032000,5005529.85,26470.150000000373
1509,5073000,5034668.85,38331.15000000037
1511,5008000,5041953.6,-33953.59999999963
1512,5080000,5045595.97,34404.03000000026
1512,4966000,5045595.97,-79595.96999999974
1512,5029000,5045595.97,-16595.96999999974
1518,5095000,5067450.22,27549.78000000026
1521,5005000,5078377.35,-73377.34999999963
1523,4952000,5085662.1,-133662.09999999963
1525,4962000,5092946.85,-130946.84999999963
1526,5075000,5096589.22,-21589.21999999974
1527,5112000,5100231.6,11768.400000000373
1528,5177000,5103873.97,73126.03000000026
1529,4960000,5107516.35,-147516.34999999963
1529,5066000,5107516.35,-41516.34999999963
1544,5200000,5162151.97,37848.03000000026
1548,5186000,5176721.47,9278.53000000026
1550,5209000,5184006.22,24993.78000000026
1551,5147000,5187648.59,-40648.58999999985
1558,5265000,5213145.22,51854.78000000026
1560,5173000,5220429.97,-47429.96999999974
1560,5177000,5220429.97,-43429.96999999974
1561,4996000,5224072.34,-228072.33999999985
1566,5280000,5242284.22,37715.78000000026
1567,5158000,5245926.59,-87926.58999999985
1571,5259000,5260496.09,-1496.089999999851
1576,5369000,5278707.97,90292.03000000026
1578,5289000,5285992.72,3007.2800000002608
1579,5269000,5289635.09,-20635.08999999985
1582,5301000,5300562.22,437.78000000026077
1590,5212000,5329701.21,-117701.20999999996
1590,5237000,5329701.21,-92701.20999999996
1590,5340000,5329701.21,10298.790000000037
1594,5244000,5344270.71,-100270.70999999996
1597,5168000,5355197.84,-187197.83999999985
1601,5318000,5369767.34,-51767.33999999985
1603,5407000,5377052.09,29947.91000000015
1604,5321000,5380694.46,-59694.45999999996
1605,5438000,5384336.84,53663.16000000015
1609,5393000,5398906.34,-5906.339999999851
1615,5492000,5420760.59,71239.41000000015
1615,5549000,5420760.59,128239.41000000015
1626,5567000,5460826.71,106173.29000000004
1626,5470000,5460826.71,9173.290000000037
1627,5577000,5464469.09,112530.91000000015
1637,5442000,5500892.83,-58892.830000000075
1637,5423000,5500892.83,-77892.83000000007
1638,5528000,5504535.21,23464.790000000037
1643,5413000,5522747.08,-109747.08000000007
1644,5521000,5526389.46,-5389.459999999963
1648,5542000,5540958.96,1041.0400000000373
1648,5561000,5540958.96,20041.040000000037
1650,5539000,5548243.71,-9243.709999999963
1653,5674000,5559170.83,114829.16999999993
1653,5567000,5559170.83,7829.1699999999255
1655,5575000,5566455.58,8544.419999999925
1656,5632000,5570097.96,61902.04000000004
1661,5448000,5588309.83,-140309.83000000007
1661,5544000,5588309.83,-44309.830000000075
1661,5571000,5588309.83,-17309.830000000075
1663,5548000,5595594.58,-47594.580000000075
1663,5654000,5595594.58,58405.419999999925
1673,5530000,5632018.33,-102018.33000000007
1676,5677000,5642945.45,34054.549999999814
1698,5559000,5723077.7,-164077.7000000002
1699,5763000,5726720.08,36279.919999999925
1700,5808000,5730362.45,77637.54999999981
1700,5542000,5730362.45,-188362.4500000002
1702,5868000,5737647.2,130352.79999999981
1704,5779000,5744931.95,34068.049999999814
1704,5767000,5744931.95,22068.049999999814
1707,5698000,5755859.08,-57859.080000000075
1707,5769000,5755859.08,13140.919999999925
1708,5831000,5759501.45,71498.54999999981
1710,5616000,5766786.2,-150786.2000000002
1715,5674000,5784998.07,-110998.0700000003
1731,5876000,5843276.07,32723.929999999702
1732,5972000,5846918.45,125081.54999999981
1733,5779000,5850560.82,-71560.8200000003
1733,5961000,5850560.82,110439.1799999997
1735,5949000,5857845.57,91154.4299999997
1738,5890000,5868772.7,21227.299999999814
1740,5855000,5876057.45,-21057.450000000186
1743,5937000,5886984.57,50015.4299999997
1743,5711000,5886984.57,-175984.5700000003
1751,5843000,5916123.57,-73123.5700000003
1758,5904000,5941620.19,-37620.19000000041
1759,6026000,5945262.57,80737.4299999997
1760,6067000,5948904.94,118095.05999999959
1760,6051000,5948904.94,102095.05999999959
1760,5879000,5948904.94,-69904.94000000041
1761,5898000,5952547.32,-54547.3200000003
1767,5838000,5974401.57,-136401.5700000003
1769,6072000,5981686.32,90313.6799999997
1773,5943000,5996255.82,-53255.8200000003
1773,6080000,5996255.82,83744.1799999997
1774,5948000,5999898.19,-51898.19000000041
1774,6114000,5999898.19,114101.80999999959
1776,6005000,6007182.94,-2182.94000000041
1787,6078000,6047249.07,30750.929999999702
1789,6153000,6054533.82,98466.1799999997
1791,6139000,6061818.57,77181.4299999997
1801,6228000,6098242.31,129757.69000000041
1803,5994000,6105527.06,-111527.05999999959
1803,6075000,6105527.06,-30527.05999999959
1804,6201000,6109169.44,91830.55999999959
1810,6110000,6131023.69,-21023.69000000041
1813,6292000,6141950.81,150049.1900000004
1814,6078000,6145593.19,-67593.19000000041
1817,6019000,6156520.31,-137520.3099999996
1826,6098000,6189301.69,-91301.69000000041
1828,6223000,6196586.44,26413.55999999959
1837,6170000,6229367.81,-59367.80999999959
1839,6235000,6236652.56,-1652.5599999995902
1839,6330000,6236652.56,93347.44000000041
1847,6264000,6265791.56,-1791.5599999995902
1847,6255000,6265791.56,-10791.55999999959
1847,6241000,6265791.56,-24791.55999999959
1851,6367000,6280361.06,86638.94000000041
1851,6138000,6280361.06,-142361.0599999996
1852,6221000,6284003.43,-63003.4299999997
1854,6244000,6291288.18,-47288.1799999997
1864,6383000,6327711.93,55288.0700000003
1867,6369000,6338639.06,30360.94000000041
1877,6402000,6375062.81,26937.19000000041
1879,6428000,6382347.55,45652.450000000186
1885,6282000,6404201.8,-122201.79999999981
1894,6430000,6436983.18,-6983.179999999702
1895,6651000,6440625.55,210374.4500000002
1896,6395000,6444267.93,-49267.9299999997
1916,6385000,6517115.43,-132115.4299999997
1921,6472000,6535327.3,-63327.299999999814
1922,6621000,6538969.67,82030.33000000007
1923,6461000,6542612.05,-81612.04999999981
1923,6550000,6542612.05,7387.950000000186
1923,6463000,6542612.05,-79612.04999999981
1924,6531000,6546254.42,-15254.419999999925
1924,6618000,6546254.42,71745.58000000007
1930,6583000,6568108.67,14891.330000000075
1942,6532000,6611817.17,-79817.16999999993
1943,6584000,6615459.55,-31459.549999999814
1950,6767000,6640956.17,126043.83000000007
1952,6571000,6648240.92,-77240.91999999993
1957,6699000,6666452.8,32547.200000000186
1959,6578000,6673737.55,-95737.54999999981
1963,6631000,6688307.04,-57307.04000000004
1963,6617000,6688307.04,-71307.04000000004
1967,6857000,6702876.54,154123.45999999996
1969,6739000,6710161.29,28838.709999999963
1969,6784000,6710161.29,73838.70999999996
1971,6605000,6717446.04,-112446.04000000004
1973,6779000,6724730.79,54269.20999999996
1975,6768000,6732015.54,35984.45999999996
1981,6699000,6753869.79,-54869.79000000004
1982,6698000,6757512.17,-59512.169999999925
1992,6821000,6793935.92,27064.080000000075
1997,6849000,6812147.79,36852.20999999996
2002,6838000,6830359.67,7640.3300000000745
2002,6854000,6830359.67,23640.330000000075
2008,6974000,6852213.91,121786.08999999985
2009,6963000,6855856.29,107143.70999999996
2022,6880000,6903207.16,-23207.16000000015
2023,6856000,6906849.54,-50849.54000000004
2027,7037000,6921419.04,115580.95999999996
2030,6866000,6932346.16,-66346.16000000015
2034,6942000,6946915.66,-4915.660000000149
2034,6976000,6946915.66,29084.33999999985
2041,7033000,6972412.29,60587.70999999996
2041,6933000,6972412.29,-39412.29000000004
2044,7051000,6983339.41,67660.58999999985
2044,6983000,6983339.41,-339.410000000149
2045,6998000,6986981.78,11018.21999999974
2049,6967000,7001551.28,-34551.28000000026
2050,7108000,7005193.66,102806.33999999985
2051,6911000,7008836.03,-97836.03000000026
2055,7037000,7023405.53,13594.46999999974
2055,7083000,7023405.53,59594.46999999974
2055,6964000,7023405.53,-59405.53000000026
2057,6865000,7030690.28,-165690.28000000026
2058,6980000,7034332.66,-54332.66000000015
2059,7041000,7037975.03,3024.9699999997392
2064,7153000,7056186.91,96813.08999999985
2068,7023000,7070756.41,-47756.41000000015
2070,7075000,7078041.16,-3041.160000000149
2080,7056000,7114464.91,-58464.91000000015
2083,7229000,7125392.03,103607.96999999974
2085,7147000,7132676.78,14323.21999999974
2087,7216000,7139961.53,76038.46999999974
2089,7176000,7147246.28,28753.71999999974
2091,7242000,7154531.03,87468.96999999974
2093,7110000,7161815.78,-51815.78000000026
2097,7220000,7176385.28,43614.71999999974
2098,7016000,7180027.65,-164027.65000000037
2107,7193000,7212809.03,-19809.03000000026
2108,7223000,7216451.4,6548.5999999996275
2110,7283000,7223736.15,59263.84999999963
2111,7233000,7227378.53,5621.469999999739
2112,7215000,7231020.9,-16020.900000000373
2113,7156000,7234663.28,-78663.28000000026
2116,7190000,7245590.4,-55590.40000000037
2116,7193000,7245590.4,-52590.40000000037
2119,7183000,7256517.53,-73517.53000000026
2121,7244000,7263802.28,-19802.28000000026
2123,7321000,7271087.03,49912.96999999974
2131,7447000,7300226.02,146773.98000000045
2146,7384000,7354861.65,29138.349999999627
2147,7374000,7358504.02,15495.980000000447
2150,7377000,7369431.15,7568.8499999996275
2152,7288000,7376715.9,-88715.90000000037
2159,7431000,7402212.52,28787.480000000447
2160,7453000,7405854.9,47145.09999999963
2161,7523000,7409497.27,113502.73000000045
2161,7442000,7409497.27,32502.730000000447
2163,7532000,7416782.02,115217.98000000045
2163,7411000,7416782.02,-5782.019999999553
2165,7384000,7424066.77,-40066.76999999955
2165,7491000,7424066.77,66933.23000000045
2165,7592000,7424066.77,167933.23000000045
2168,7421000,7434993.9,-13993.900000000373
2171,7439000,7445921.02,-6921.019999999553
2172,7363000,7449563.39,-86563.38999999966
2172,7398000,7449563.39,-51563.389999999665
2173,7411000,7453205.77,-42205.76999999955
2175,7509000,7460490.52,48509.48000000045
2178,7597000,7471417.64,125582.36000000034
2181,7532000,7482344.77,49655.23000000045
2186,7378000,7500556.64,-122556.63999999966
2195,7487000,7533338.02,-46338.01999999955
2197,7441000,7540622.77,-99622.76999999955
2198,7410000,7544265.14,-134265.13999999966
2201,7482000,7555192.27,-73192.26999999955
2215,7555000,7606185.51,-51185.50999999978
2222,7584000,7631682.14,-47682.139999999665
2222,7680000,7631682.14,48317.860000000335
2224,7675000,7638966.89,36033.110000000335
2224,7672000,7638966.89,33033.110000000335
2225,7705000,7642609.26,62390.74000000022
2231,7749000,7664463.51,84536.49000000022
2242,7733000,7704529.64,28470.360000000335
2242,7723000,7704529.64,18470.360000000335
2245,7698000,7715456.76,-17456.759999999776
2246,7864000,7719099.14,144900.86000000034
2247,7726000,7722741.51,3258.4900000002235
2247,7877000,7722741.51,154258.49000000022
2247,7567000,7722741.51,-155741.50999999978
2253,7607000,7744595.76,-137595.75999999978
2264,7875000,7784661.88,90338.12000000011
2266,7817000,7791946.63,25053.37000000011
2277,7823000,7832012.76,-9012.759999999776
2279,7809000,7839297.51,-30297.509999999776
2282,7894000,7850224.63,43775.37000000011
2288,7875000,7872078.88,2921.1200000001118
2291,7859000,7883006.01,-24006.009999999776
2292,7797000,7886648.38,-89648.37999999989
2293,7960000,7890290.75,69709.25
2293,7800000,7890290.75,-90290.75
2293,7849000,7890290.75,-41290.75
2296,7943000,7901217.88,41782.12000000011
2300,7862000,7915787.38,-53787.37999999989
2310,7974000,7952211.13,21788.87000000011
2311,7867000,7955853.5,-88853.5
2319,8074000,7984992.5,89007.5
2320,8088000,7988634.88,99365.12000000011
2323,7880000,7999562.0,-119562.0
2323,7948000,7999562.0,-51562.0
2325,8024000,8006846.75,17153.25
2327,7951000,8014131.5,-63131.5
2329,7979000,8021416.25,-42416.25
2331,8005000,8028701.0,-23701.0
2334,8073000,8039628.13,33371.87000000011
2341,8119000,8065124.75,53875.25
2350,8095000,8097906.12,-2906.1200000001118
2353,8099000,8108833.25,-9833.25
2359,8036000,8130687.5,-94687.5
2360,8095000,8134329.87,-39329.87000000011
2362,8168000,8141614.62,26385.37999999989
2363,8149000,8145257.0,3743.0
2365,8051000,8152541.75,-101541.75
2367,8108000,8159826.5,-51826.5
2369,8154000,8167111.25,-13111.25
2371,8140000,8174396.0,-34396.0
2374,8287000,8185323.12,101676.87999999989
2378,8205000,8199892.62,5107.379999999888
2378,8100000,8199892.62,-99892.62000000011
2379,8207000,8203534.99,3465.0099999997765
2380,8173000,8207177.37,-34177.37000000011
2381,8164000,8210819.74,-46819.74000000022
2381,8203000,8210819.74,-7819.7400000002235
2385,8322000,8225389.24,96610.75999999978
2389,8253000,8239958.74,13041.259999999776
2393,8286000,8254528.24,31471.759999999776
2393,8092000,8254528.24,-162528.24000000022
2400,8278000,8280024.87,-2024.8700000001118
2400,8201000,8280024.87,-79024.87000000011
2405,8429000,8298236.74,130763.25999999978
2407,8186000,8305521.49,-119521.49000000022
2414,8451000,8331018.12,119981.87999999989
2416,8251000,8338302.87,-87302.87000000011
2417,8451000,8341945.24,109054.75999999978
2420,8392000,8352872.36,39127.639999999665
2420,8210000,8352872.36,-142872.36000000034
2424,8446000,8367441.86,78558.13999999966
2431,8367000,8392938.49,-25938.490000000224
2437,8510000,8414792.74,95207.25999999978
2443,8374000,8436646.99,-62646.99000000022
2446,8427000,8447574.11,-20574.109999999404
2451,8386000,8465785.99,-79785.99000000022
2452,8514000,8469428.36,44571.640000000596
2452,8448000,8469428.36,-21428.359999999404
2455,8527000,8480355.49,46644.50999999978
2456,8389000,8483997.86,-94997.8599999994
2456,8421000,8483997.86,-62997.859999999404
2457,8546000,8487640.24,58359.75999999978
2462,8498000,8505852.11,-7852.109999999404
2466,8582000,8520421.61,61578.390000000596
2468,8579000,8527706.36,51293.640000000596
2469,8692000,8531348.73,160651.26999999955
2472,8679000,8542275.86,136724.1400000006
2474,8512000,8549560.61,-37560.609999999404
2475,8489000,8553202.98,-64202.98000000045
2476,8574000,8556845.36,17154.640000000596
2477,8666000,8560487.73,105512.26999999955
2482,8506000,8578699.61,-72699.6099999994
2491,8587000,8611480.98,-24480.980000000447
2492,8591000,8615123.36,-24123.359999999404
2495,8606000,8626050.48,-20050.480000000447
2497,8606000,8633335.23,-27335.230000000447
2499,8622000,8640619.98,-18619.980000000447
2499,8624000,8640619.98,-16619.980000000447
2500,8552000,8644262.35,-92262.34999999963
2505,8689000,8662474.23,26525.769999999553
2506,8563000,8666116.6,-103116.59999999963
2513,8644000,8691613.23,-47613.23000000045
2514,8731000,8695255.6,35744.40000000037
2515,8678000,8698897.98,-20897.980000000447
2518,8705000,8709825.1,-4825.0999999996275
2519,8836000,8713467.48,122532.51999999955
2521,8667000,8720752.23,-53752.23000000045
2526,8761000,8738964.1,22035.900000000373
2526,8726000,8738964.1,-12964.099999999627
2530,8706000,8753533.6,-47533.59999999963
2537,8947000,8779030.23,167969.76999999955
2541,8726000,8793599.73,-67599.73000000045
2542,8930000,8797242.1,132757.90000000037
2550,8753000,8826381.1,-73381.09999999963
2556,8855000,8848235.35,6764.6500000003725
2562,8881000,8870089.6,10910.400000000373
2563,8846000,8873731.97,-27731.97000000067
2564,8780000,8877374.35,-97374.34999999963
2570,8799000,8899228.6,-100228.59999999963
2572,8889000,8906513.35,-17513.349999999627
2576,8959000,8921082.85,37917.15000000037
2576,8961000,8921082.85,39917.15000000037
2576,8895000,8921082.85,-26082.849999999627
2577,9068000,8924725.22,143274.77999999933
2578,8855000,8928367.6,-73367.59999999963
2586,8939000,8957506.59,-18506.58999999985
2589,9007000,8968433.72,38566.27999999933
2590,9107000,8972076.09,134923.91000000015
2592,8929000,8979360.84,-50360.83999999985
2592,8903000,8979360.84,-76360.83999999985
2596,9078000,8993930.34,84069.66000000015
2598,8999000,9001215.09,-2215.089999999851
2603,9002000,9019426.97,-17426.97000000067
2603,9014000,9019426.97,-5426.970000000671
2608,8979000,9037638.84,-58638.83999999985
2612,9130000,9052208.34,77791.66000000015
2616,9010000,9066777.84,-56777.83999999985
2617,9082000,9070420.22,11579.77999999933
2618,9098000,9074062.59,23937.41000000015
2620,9055000,9081347.34,-26347.33999999985
2620,9046000,9081347.34,-35347.33999999985
2621,9139000,9084989.72,54010.27999999933
2623,9062000,9092274.47,-30274.47000000067
2625,9109000,9099559.21,9440.789999999106
2636,9293000,9139625.34,153374.66000000015
2637,9090000,9143267.71,-53267.710000000894
2639,9081000,9150552.46,-69552.4600000009
2641,9171000,9157837.21,13162.789999999106
2641,9124000,9157837.21,-33837.210000000894
2641,9178000,9157837.21,20162.789999999106
2642,9090000,9161479.59,-71479.58999999985
2650,9027000,9190618.59,-163618.58999999985
2651,9153000,9194260.96,-41260.960000000894
2659,9290000,9223399.96,66600.0399999991
2661,9108000,9230684.71,-122684.7100000009
2662,9238000,9234327.09,3672.910000000149
2667,9112000,9252538.96,-140538.9600000009
2671,9307000,9267108.46,39891.539999999106
2682,9082000,9307174.58,-225174.58000000007
2686,9248000,9321744.08,-73744.08000000007
2688,9499000,9329028.83,169971.16999999993
2689,9254000,9332671.21,-78671.2100000009
2689,9289000,9332671.21,-43671.210000000894
2690,9184000,9336313.58,-152313.58000000007
2692,9227000,9343598.33,-116598.33000000007
2693,9266000,9347240.71,-81240.7100000009
2694,9373000,9350883.08,22116.919999999925
2697,9351000,9361810.21,-10810.210000000894
2698,9416000,9365452.58,50547.419999999925
2698,9268000,9365452.58,-97452.58000000007
2699,9307000,9369094.96,-62094.960000000894
2701,9533000,9376379.71,156620.2899999991
2702,9324000,9380022.08,-56022.080000000075
2703,9310000,9383664.46,-73664.4600000009
2703,9358000,9383664.46,-25664.460000000894
2705,9439000,9390949.21,48050.789999999106
2707,9274000,9398233.96,-124233.9600000009
2709,9363000,9405518.7,-42518.699999999255
2709,9503000,9405518.7,97481.30000000075
2712,9429000,9416445.83,12554.169999999925
2713,9399000,9420088.2,-21088.199999999255
2718,9528000,9438300.08,89699.91999999993
2720,9456000,9445584.83,10415.169999999925
2720,9338000,9445584.83,-107584.83000000007
2725,9510000,9463796.7,46203.300000000745
2738,9373000,9511147.58,-138147.58000000007
2740,9711000,9518432.33,192567.66999999993
2746,9630000,9540286.58,89713.41999999993
2748,9600000,9547571.33,52428.669999999925
2752,9493000,9562140.82,-69140.8200000003
2752,9453000,9562140.82,-109140.8200000003
2756,9626000,9576710.32,49289.6799999997
2757,9642000,9580352.7,61647.300000000745
2758,9551000,9583995.07,-32995.0700000003
2760,9607000,9591279.82,15720.179999999702
2763,9606000,9602206.95,3793.050000000745
2770,9555000,9627703.57,-72703.5700000003
2773,9660000,9638630.7,21369.300000000745
2776,9718000,9649557.82,68442.1799999997
2781,9577000,9667769.7,-90769.69999999925
2781,9645000,9667769.7,-22769.699999999255
2786,9642000,9685981.57,-43981.5700000003
2792,9827000,9707835.82,119164.1799999997
2798,9718000,9729690.07,-11690.070000000298
2802,9731000,9744259.57,-13259.570000000298
2803,9798000,9747901.94,50098.06000000052
2805,9781000,9755186.69,25813.31000000052
2807,9653000,9762471.44,-109471.43999999948
2819,9842000,9806179.94,35820.06000000052
2820,9681000,9809822.32,-128822.3200000003
2822,9695000,9817107.07,-122107.0700000003
2832,9865000,9853530.81,11469.189999999478
2837,9898000,9871742.69,26257.31000000052
2843,9942000,9893596.94,48403.06000000052
2845,9968000,9900881.69,67118.31000000052
2846,9912000,9904524.06,7475.9399999994785
2856,9974000,9940947.81,33052.18999999948
2859,9939000,9951874.94,-12874.939999999478
2859,9852000,9951874.94,-99874.93999999948
2862,10023000,9962802.06,60197.93999999948
2867,9915000,9981013.94,-66013.93999999948
2867,9991000,9981013.94,9986.060000000522
2871,9902000,9995583.44,-93583.43999999948
2873,9976000,10002868.18,-26868.179999999702
2876,10183000,10013795.31,169204.68999999948
2879,9950000,10024722.43,-74722.4299999997
2880,9950000,10028364.81,-78364.81000000052
2884,9965000,10042934.31,-77934.31000000052
2885,9958000,10046576.68,-88576.6799999997
2887,10013000,10053861.43,-40861.4299999997
2887,10012000,10053861.43,-41861.4299999997
2891,10070000,10068430.93,1569.070000000298
2895,10242000,10083000.43,158999.5700000003
2898,9984000,10093927.56,-109927.56000000052
2900,10067000,10101212.31,-34212.31000000052
2903,10117000,10112139.43,4860.570000000298
2904,9978000,10115781.81,-137781.81000000052
2904,10091000,10115781.81,-24781.81000000052
2907,10075000,10126708.93,-51708.9299999997
2911,10120000,10141278.43,-21278.429999999702
2911,10176000,10141278.43,34721.5700000003
2916,10286000,10159490.3,126509.69999999925
2917,10206000,10163132.68,42867.3200000003
2919,10128000,10170417.43,-42417.4299999997
2920,10192000,10174059.8,17940.199999999255
2922,10111000,10181344.55,-70344.55000000075
2926,10217000,10195914.05,21085.949999999255
2929,10211000,10206841.18,4158.820000000298
2932,10265000,10217768.3,47231.699999999255
2934,10253000,10225053.05,27946.949999999255
2934,10307000,10225053.05,81946.94999999925
2936,10179000,10232337.8,-53337.800000000745
2938,10242000,10239622.55,2377.449999999255
2938,10159000,10239622.55,-80622.55000000075
2941,10265000,10250549.68,14450.320000000298
2941,10198000,10250549.68,-52549.6799999997
2943,10321000,10257834.43,63165.5700000003
2944,10301000,10261476.8,39523.199999999255
2947,10245000,10272403.93,-27403.929999999702
2948,10174000,10276046.3,-102046.30000000075
2949,10263000,10279688.68,-16688.679999999702
2949,10384000,10279688.68,104311.3200000003
2950,10121000,10283331.05,-162331.05000000075
2954,10408000,10297900.55,110099.44999999925
2958,10315000,10312470.05,2529.949999999255
2961,10258000,10323397.17,-65397.169999999925
2961,10159000,10323397.17,-164397.16999999993
2968,10452000,10348893.8,103106.19999999925
2970,10480000,10356178.55,123821.44999999925
2971,10187000,10359820.92,-172820.91999999993
2972,10327000,10363463.3,-36463.300000000745
2983,10485000,10403529.42,81470.58000000007
2984,10334000,10407171.8,-73171.80000000075
2984,10413000,10407171.8,5828.199999999255
2985,10378000,10410814.17,-32814.169999999925
2986,10478000,10414456.55,63543.449999999255
2995,10402000,10447237.92,-45237.919999999925
2995,10488000,10447237.92,40762.080000000075
2996,10548000,10450880.3,97119.69999999925
2996,10463000,10450880.3,12119.699999999255
3005,10433000,10483661.67,-50661.669999999925
3008,10521000,10494588.79,26411.210000000894
3009,10531000,10498231.17,32768.830000000075
3010,10491000,10501873.54,-10873.539999999106
3016,10564000,10523727.79,40272.210000000894
3017,10484000,10527370.17,-43370.169999999925
3019,10574000,10534654.92,39345.080000000075
3019,10451000,10534654.92,-83654.91999999993
3021,10540000,10541939.67,-1939.6699999999255
3022,10429000,10545582.04,-116582.0399999991
3023,10366000,10549224.42,-183224.41999999993
3023,10604000,10549224.42,54775.580000000075
3027,10663000,10563793.92,99206.08000000007
3031,10638000,10578363.42,59636.580000000075
3032,10563000,10582005.79,-19005.789999999106
3034,10477000,10589290.54,-112290.5399999991
3035,10492000,10592932.92,-100932.91999999993
3036,10663000,10596575.29,66424.7100000009
3037,10566000,10600217.67,-34217.669999999925
3038,10641000,10603860.04,37139.960000000894
3040,10646000,10611144.79,34855.210000000894
3058,10680000,10676707.54,3292.460000000894
3059,10529000,10680349.91,-151349.91000000015
3061,10752000,10687634.66,64365.33999999985
3063,10617000,10694919.41,-77919.41000000015
3067,10639000,10709488.91,-70488.91000000015
3068,10602000,10713131.29,-111131.2899999991
3072,10609000,10727700.79,-118700.7899999991
3072,10669000,10727700.79,-58700.789999999106
3076,10751000,10742270.29,8729.710000000894
3077,10642000,10745912.66,-103912.66000000015
3077,10725000,10745912.66,-20912.66000000015
3080,10747000,10756839.78,-9839.77999999933
3080,10711000,10756839.78,-45839.77999999933
3086,10659000,10778694.03,-119694.02999999933
3087,10733000,10782336.41,-49336.41000000015
3088,10710000,10785978.78,-75978.77999999933
3088,10903000,10785978.78,117021.22000000067
3095,10746000,10811475.41,-65475.41000000015
3096,10910000,10815117.78,94882.22000000067
3103,10809000,10840614.41,-31614.41000000015
3103,10787000,10840614.41,-53614.41000000015
3105,10917000,10847899.16,69100.83999999985
3107,10910000,10855183.91,54816.08999999985
3111,10714000,10869753.41,-155753.41000000015
3111,10772000,10869753.41,-97753.41000000015
3116,10927000,10887965.28,39034.72000000067
3117,10877000,10891607.66,-14607.660000000149
3119,11001000,10898892.41,102107.58999999985
3120,10874000,10902534.78,-28534.77999999933
3125,10932000,10920746.65,11253.349999999627
3127,11085000,10928031.4,156968.59999999963
3131,10920000,10942600.9,-22600.900000000373
3132,10957000,10946243.28,10756.72000000067
3139,11032000,10971739.9,60260.09999999963
3141,10999000,10979024.65,19975.349999999627
3141,10978000,10979024.65,-1024.6500000003725
3143,11007000,10986309.4,20690.599999999627
3143,10903000,10986309.4,-83309.40000000037
3145,11150000,10993594.15,156405.84999999963
3149,10921000,11008163.65,-87163.65000000037
3152,11091000,11019090.78,71909.22000000067
3153,10970000,11022733.15,-52733.15000000037
3153,11138000,11022733.15,115266.84999999963
3160,11038000,11048229.78,-10229.77999999933
3160,11037000,11048229.78,-11229.77999999933
3167,11019000,11073726.4,-54726.40000000037
3171,11146000,11088295.9,57704.09999999963
3174,11260000,11099223.02,160776.98000000045
3176,10980000,11106507.77,-126507.76999999955
3176,11269000,11106507.77,162492.23000000045
3184,11341000,11135646.77,205353.23000000045
3189,11247000,11153858.65,93141.34999999963
3192,11168000,11164785.77,3214.230000000447
3192,11117000,11164785.77,-47785.76999999955
3202,11193000,11201209.52,-8209.519999999553
3202,11307000,11201209.52,105790.48000000045
3205,11207000,11212136.64,-5136.640000000596
3206,11266000,11215779.02,50220.98000000045
3211,11175000,11233990.89,-58990.890000000596
3212,11221000,11237633.27,-16633.269999999553
3215,11128000,11248560.39,-120560.3900000006
3217,11359000,11255845.14,103154.8599999994
3225,11253000,11284984.14,-31984.140000000596
3225,11405000,11284984.14,120015.8599999994
3226,11285000,11288626.52,-3626.519999999553
3235,11368000,11321407.89,46592.109999999404
3243,11320000,11350546.89,-30546.890000000596
3246,11341000,11361474.01,-20474.009999999776
3247,11356000,11365116.39,-9116.390000000596
3251,11427000,11379685.89,47314.109999999404
3252,11320000,11383328.26,-63328.25999999978
3252,11493000,11383328.26,109671.74000000022
3252,11452000,11383328.26,68671.74000000022
3253,11356000,11386970.64,-30970.640000000596
3253,11313000,11386970.64,-73970.6400000006
3255,11519000,11394255.39,124744.6099999994
3264,11570000,11427036.76,142963.24000000022
3271,11469000,11452533.39,16466.609999999404
3275,11458000,11467102.89,-9102.890000000596
3281,11470000,11488957.14,-18957.140000000596
3286,11581000,11507169.01,73830.99000000022
3294,11527000,11536308.01,-9308.009999999776
3297,11472000,11547235.13,-75235.13000000082
3303,11642000,11569089.38,72910.61999999918
3312,11496000,11601870.76,-105870.75999999978
3321,11586000,11634652.13,-48652.13000000082
3322,11537000,11638294.51,-101294.50999999978
3339,11668000,11700214.88,-32214.88000000082
3344,11819000,11718426.75,100573.25
3346,11653000,11725711.5,-72711.5
3350,11716000,11740281.0,-24281.0
3352,11719000,11747565.75,-28565.75
3353,11626000,11751208.13,-125208.13000000082
3357,11952000,11765777.63,186222.36999999918
3361,11620000,11780347.13,-160347.13000000082
3368,11733000,11805843.75,-72843.75
3370,11848000,11813128.5,34871.5
3372,11782000,11820413.25,-38413.25
3376,11800000,11834982.75,-34982.75
3378,11825000,11842267.5,-17267.5
3385,11845000,11867764.12,-22764.11999999918
3392,11846000,11893260.75,-47260.75
3392,11838000,11893260.75,-55260.75
3392,11921000,11893260.75,27739.25
3394,11914000,11900545.5,13454.5
3397,11894000,11911472.62,-17472.61999999918
3406,11888000,11944254.0,-56254.0
3407,11981000,11947896.37,33103.63000000082
3410,11995000,11958823.5,36176.5
3413,11972000,11969750.62,2249.3800000008196
3416,11996000,11980677.74,15322.259999999776
3417,11804000,11984320.12,-180320.11999999918
3419,12051000,11991604.87,59395.13000000082
3419,12046000,11991604.87,54395.13000000082
3424,11919000,12009816.74,-90816.74000000022
3430,11977000,12031670.99,-54670.99000000022
3441,12078000,12071737.12,6262.88000000082
3442,12054000,12075379.49,-21379.490000000224
3445,12200000,12086306.62,113693.38000000082
3451,11911000,12108160.87,-197160.86999999918
3452,12189000,12111803.24,77196.75999999978
3454,12218000,12119087.99,98912.00999999978
3454,12180000,12119087.99,60912.00999999978
3462,12200000,12148226.99,51773.00999999978
3468,12119000,12170081.24,-51081.24000000022
3470,12255000,12177365.99,77634.00999999978
3474,12063000,12191935.49,-128935.49000000022
3475,12119000,12195577.86,-76577.8599999994
3479,12113000,12210147.36,-97147.3599999994
3481,12183000,12217432.11,-34432.109999999404
3483,12206000,12224716.86,-18716.859999999404
3487,12219000,12239286.36,-20286.359999999404
3492,12227000,12257498.24,-30498.240000000224
3493,12209000,12261140.61,-52140.609999999404
3494,12022000,12264782.99,-242782.99000000022
3495,12351000,12268425.36,82574.6400000006
3495,12232000,12268425.36,-36425.359999999404
3502,12205000,12293921.98,-88921.98000000045
3502,12353000,12293921.98,59078.01999999955
3502,12250000,12293921.98,-43921.98000000045
3504,12259000,12301206.73,-42206.73000000045
3508,12226000,12315776.23,-89776.23000000045
3509,12415000,12319418.61,95581.3900000006
3512,12259000,12330345.73,-71345.73000000045
3513,12407000,12333988.11,73011.8900000006
3514,12326000,12337630.48,-11630.480000000447
3516,12448000,12344915.23,103084.76999999955
3518,12379000,12352199.98,26800.019999999553
3520,12341000,12359484.73,-18484.730000000447
3525,12490000,12377696.61,112303.3900000006
3531,12403000,12399550.86,3449.140000000596
3533,12294000,12406835.61,-112835.6099999994
3536,12435000,12417762.73,17237.269999999553
3536,12560000,12417762.73,142237.26999999955
3538,12420000,12425047.48,-5047.480000000447
3538,12413000,12425047.48,-12047.480000000447
3540,12289000,12432332.23,-143332.23000000045
3545,12444000,12450544.1,-6544.0999999996275
3550,12526000,12468755.98,57244.01999999955
3550,12422000,12468755.98,-46755.98000000045
3551,12554000,12472398.35,81601.65000000037
3554,12281000,12483325.48,-202325.48000000045
3560,12582000,12505179.73,76820.26999999955
3561,12489000,12508822.1,-19822.099999999627
3565,12483000,12523391.6,-40391.59999999963
3565,12519000,12523391.6,-4391.5999999996275
3566,12347000,12527033.98,-180033.98000000045
3566,12462000,12527033.98,-65033.98000000045
3567,12431000,12530676.35,-99676.34999999963
3579,12640000,12574384.85,65615.15000000037
3585,12662000,12596239.1,65760.90000000037
3585,12707000,12596239.1,110760.90000000037
3586,12489000,12599881.47,-110881.47000000067
3590,12631000,12614450.97,16549.02999999933
3590,12673000,12614450.97,58549.02999999933
3593,12657000,12625378.1,31621.900000000373
3596,12592000,12636305.22,-44305.22000000067
3597,12637000,12639947.6,-2947.5999999996275
3597,12488000,12639947.6,-151947.59999999963
3602,12558000,12658159.47,-100159.47000000067
3604,12535000,12665444.22,-130444.22000000067
3604,12812000,12665444.22,146555.77999999933
3605,12552000,12669086.6,-117086.59999999963
3606,12651000,12672728.97,-21728.97000000067
3606,12726000,12672728.97,53271.02999999933
3611,12655000,12690940.85,-35940.84999999963
3613,12527000,12698225.6,-171225.59999999963
3613,12564000,12698225.6,-134225.59999999963
3613,12778000,12698225.6,79774.40000000037
3615,12660000,12705510.35,-45510.34999999963
3618,12810000,12716437.47,93562.52999999933
3622,12700000,12731006.97,-31006.97000000067
3622,12722000,12731006.97,-9006.97000000067
3623,12658000,12734649.34,-76649.33999999985
3626,12902000,12745576.47,156423.52999999933
3628,12783000,12752861.22,30138.77999999933
3630,12699000,12760145.97,-61145.97000000067
3631,12749000,12763788.34,-14788.339999999851
3633,12685000,12771073.09,-86073.08999999985
3634,12767000,12774715.47,-7715.470000000671
3647,12718000,12822066.34,-104066.33999999985
3649,12894000,12829351.09,64648.91000000015
3650,12674000,12832993.47,-158993.47000000067
3652,12952000,12840278.22,111721.77999999933
3654,12986000,12847562.97,138437.02999999933
3658,12845000,12862132.47,-17132.47000000067
3661,12861000,12873059.59,-12059.589999999851
3663,12855000,12880344.34,-25344.33999999985
3667,12816000,12894913.84,-78913.83999999985
3675,12949000,12924052.84,24947.16000000015
3676,12826000,12927695.21,-101695.2100000009
3682,12836000,12949549.46,-113549.4600000009
3686,12989000,12964118.96,24881.039999999106
3693,12945000,12989615.59,-44615.58999999985
3697,12908000,13004185.09,-96185.08999999985
3699,13008000,13011469.84,-3469.839999999851
3700,12973000,13015112.21,-42112.210000000894
