Temperature,Actual Sales,Predicted Sales,Residual
10.1,155,127.08305149378901,27.916948506210986
10.1,148,127.08305149378901,20.916948506210986
10.1,147,127.08305149378901,19.916948506210986
10.1,127,127.08305149378901,-0.08305149378901433
10.2,115,130.3281423990531,-15.328142399053093
10.2,109,130.3281423990531,-21.328142399053093
10.2,129,130.3281423990531,-1.3281423990530925
10.3,114,133.57323330431728,-19.573233304317284
10.3,145,133.57323330431728,11.426766695682716
10.3,129,133.57323330431728,-4.573233304317284
10.4,146,136.81832420958136,9.181675790418637
10.4,83,136.81832420958136,-53.81832420958136
10.5,138,140.06341511484544,-2.0634151148454407
10.5,190,140.06341511484544,49.93658488515456
10.5,127,140.06341511484544,-13.06341511484544
10.5,191,140.06341511484544,50.93658488515456
10.5,130,140.06341511484544,-10.06341511484544
10.6,183,143.30850602010952,39.69149397989048
10.6,139,143.30850602010952,-4.308506020109519
10.6,178,143.30850602010952,34.69149397989048
10.7,155,146.55359692537365,8.446403074626346
10.7,142,146.55359692537365,-4.553596925373654
10.7,113,146.55359692537365,-33.553596925373654
10.7,137,146.55359692537365,-9.553596925373654
10.7,148,146.55359692537365,1.446403074626346
10.8,203,149.7986878306378,53.20131216936221
10.8,145,149.7986878306378,-4.798687830637789
10.8,189,149.7986878306378,39.20131216936221
10.9,159,153.04377873590187,5.956221264098133
10.9,153,153.04377873590187,-0.043778735901867094
11.0,205,156.288869641166,48.711130358834
11.0,163,156.288869641166,6.711130358833998
11.0,182,156.288869641166,25.711130358833998
11.0,140,156.288869641166,-16.288869641166002
11.1,126,159.53396054643008,-33.53396054643008
11.1,128,159.53396054643008,-31.53396054643008
11.1,171,159.53396054643008,11.46603945356992
11.1,98,159.53396054643008,-61.53396054643008
11.2,185,162.77905145169416,22.22094854830584
11.3,123,166.0241423569583,-43.02414235695829
11.4,143,169.26923326222243,-26.26923326222243
11.4,184,169.26923326222243,14.730766737777572
11.4,136,169.26923326222243,-33.26923326222243
11.4,156,169.26923326222243,-13.269233262222428
11.5,206,172.5143241674865,33.48567583251349
11.5,153,172.5143241674865,-19.514324167486507
11.6,245,175.75941507275058,69.24058492724942
11.6,163,175.75941507275058,-12.759415072750585
11.6,132,175.75941507275058,-43.759415072750585
11.6,181,175.75941507275058,5.240584927249415
11.6,185,175.75941507275058,9.240584927249415
11.7,144,179.00450597801472,-35.00450597801472
11.7,170,179.00450597801472,-9.00450597801472
11.7,156,179.00450597801472,-23.00450597801472
11.8,201,182.24959688327885,18.750403116721145
11.8,169,182.24959688327885,-13.249596883278855
11.8,166,182.24959688327885,-16.249596883278855
11.8,142,182.24959688327885,-40.249596883278855
11.9,180,185.49468778854293,-5.494687788542933
11.9,170,185.49468778854293,-15.494687788542933
12.0,217,188.739778693807,28.26022130619299
12.0,213,188.739778693807,24.26022130619299
12.0,191,188.739778693807,2.2602213061929888
12.0,148,188.739778693807,-40.73977869380701
12.0,211,188.739778693807,22.26022130619299
12.1,183,191.98486959907115,-8.984869599071146
12.2,189,195.22996050433522,-6.229960504335224
12.2,156,195.22996050433522,-39.229960504335224
12.2,196,195.22996050433522,0.7700394956647756
12.3,251,198.47505140959936,52.52494859040064
12.3,170,198.47505140959936,-28.47505140959936
12.3,182,198.47505140959936,-16.47505140959936
12.3,166,198.47505140959936,-32.47505140959936
12.3,171,198.47505140959936,-27.47505140959936
12.4,193,201.7201423148635,-8.720142314863494
12.4,187,201.7201423148635,-14.720142314863494
12.5,215,204.96523322012757,10.034766779872427
12.5,235,204.96523322012757,30.034766779872427
12.6,178,208.21032412539165,-30.21032412539165
12.8,180,214.70050593591992,-34.70050593591992
12.8,196,214.70050593591992,-18.70050593591992
12.8,210,214.70050593591992,-4.700505935919921
12.8,204,214.70050593591992,-10.70050593591992
12.8,216,214.70050593591992,1.2994940640800792
12.9,196,217.945596841184,-21.945596841184
12.9,246,217.945596841184,28.054403158816
12.9,253,217.945596841184,35.054403158816
12.9,214,217.945596841184,-3.945596841183999
13.0,242,221.19068774644808,20.809312253551923
13.0,193,221.19068774644808,-28.190687746448077
13.2,261,227.6808695569763,33.31913044302371
13.2,213,227.6808695569763,-14.68086955697629
13.2,198,227.6808695569763,-29.68086955697629
13.2,258,227.6808695569763,30.31913044302371
13.2,216,227.6808695569763,-11.68086955697629
13.3,273,230.92596046224043,42.074039537759575
13.3,282,230.92596046224043,51.074039537759575
13.3,221,230.92596046224043,-9.925960462240425
13.4,258,234.17105136750456,23.82894863249544
13.5,245,237.41614227276864,7.583857727231361
13.5,176,237.41614227276864,-61.41614227276864
13.6,278,240.66123317803272,37.33876682196728
13.6,212,240.66123317803272,-28.661233178032717
13.7,254,243.9063240832968,10.093675916703205
13.7,253,243.9063240832968,9.093675916703205
13.7,245,243.9063240832968,1.093675916703205
13.8,213,247.151414988561,-34.15141498856099
13.8,240,247.151414988561,-7.151414988560987
13.8,237,247.151414988561,-10.151414988560987
13.9,267,250.39650589382506,16.603494106174935
13.9,226,250.39650589382506,-24.396505893825065
13.9,223,250.39650589382506,-27.396505893825065
13.9,220,250.39650589382506,-30.396505893825065
14.0,275,253.64159679908914,21.358403200910857
14.1,237,256.8866877043533,-19.886687704353278
14.1,234,256.8866877043533,-22.886687704353278
14.1,306,256.8866877043533,49.11331229564672
14.2,263,260.13177860961736,2.8682213903826437
14.2,269,260.13177860961736,8.868221390382644
14.2,265,260.13177860961736,4.868221390382644
14.3,269,263.3768695148815,5.623130485118509
14.4,230,266.62196042014557,-36.62196042014557
14.4,257,266.62196042014557,-9.62196042014557
14.4,283,266.62196042014557,16.37803957985443
14.5,313,269.8670513254097,43.132948674590295
14.5,259,269.8670513254097,-10.867051325409705
14.5,319,269.8670513254097,49.132948674590295
14.5,303,269.8670513254097,33.132948674590295
14.6,273,273.1121422306738,-0.1121422306737827
14.6,261,273.1121422306738,-12.112142230673783
14.7,266,276.35723313593786,-10.35723313593786
14.7,279,276.35723313593786,2.642766864062139
14.7,297,276.35723313593786,20.64276686406214
14.7,296,276.35723313593786,19.64276686406214
14.7,209,276.35723313593786,-67.35723313593786
14.8,270,279.60232404120205,-9.602324041202053
14.8,250,279.60232404120205,-29.602324041202053
14.8,278,279.60232404120205,-1.6023240412020527
14.8,293,279.60232404120205,13.397675958797947
15.0,266,286.0925058517302,-20.09250585173021
15.0,299,286.0925058517302,12.907494148269791
15.0,335,286.0925058517302,48.90749414826979
15.0,253,286.0925058517302,-33.09250585173021
15.0,235,286.0925058517302,-51.09250585173021
15.1,285,289.3375967569943,-4.337596756994287
15.2,315,292.5826876622584,22.417312337741578
15.2,267,292.5826876622584,-25.582687662258422
15.3,302,295.82777856752256,6.172221432477443
15.3,317,295.82777856752256,21.172221432477443
15.3,273,295.82777856752256,-22.827778567522557
15.4,340,299.07286947278664,40.927130527213365
15.4,302,299.07286947278664,2.9271305272133645
15.4,267,299.07286947278664,-32.072869472786635
15.4,248,299.07286947278664,-51.072869472786635
15.5,260,302.31796037805077,-42.31796037805077
15.5,316,302.31796037805077,13.68203962194923
15.6,265,305.56305128331485,-40.56305128331485
15.6,312,305.56305128331485,6.436948716685151
15.7,275,308.8081421885789,-33.80814218857893
15.8,288,312.0532330938431,-24.05323309384312
15.8,350,312.0532330938431,37.94676690615688
15.8,322,312.0532330938431,9.946766906156881
15.8,310,312.0532330938431,-2.0532330938431187
15.8,311,312.0532330938431,-1.0532330938431187
15.9,308,315.2983239991072,-7.298323999107197
15.9,295,315.2983239991072,-20.298323999107197
16.0,297,318.5434149043713,-21.543414904371275
16.0,366,318.5434149043713,47.456585095628725
16.0,340,318.5434149043713,21.456585095628725
16.0,343,318.5434149043713,24.456585095628725
16.1,342,321.78850580963547,20.211494190364533
16.1,305,321.78850580963547,-16.788505809635467
16.1,308,321.78850580963547,-13.788505809635467
16.2,321,325.03359671489943,-4.033596714899431
16.2,306,325.03359671489943,-19.03359671489943
16.3,323,328.2786876201636,-5.278687620163623
16.4,333,331.5237785254277,1.4762214745722986
16.4,346,331.5237785254277,14.476221474572299
16.4,370,331.5237785254277,38.4762214745723
16.4,314,331.5237785254277,-17.5237785254277
16.5,350,334.7688694306918,15.23113056930822
16.5,323,334.7688694306918,-11.76886943069178
16.5,325,334.7688694306918,-9.76886943069178
16.5,369,334.7688694306918,34.23113056930822
16.5,366,334.7688694306918,31.23113056930822
16.6,362,338.01396033595597,23.98603966404403
16.6,319,338.01396033595597,-19.01396033595597
16.6,334,338.01396033595597,-4.0139603359559715
16.7,342,341.25905124122005,0.7409487587799504
16.7,311,341.25905124122005,-30.25905124122005
16.8,336,344.5041421464841,-8.504142146484128
16.8,368,344.5041421464841,23.495857853515872
16.9,328,347.7492330517482,-19.749233051748206
16.9,342,347.7492330517482,-5.749233051748206
17.1,353,354.2394148622765,-1.239414862276476
17.1,373,354.2394148622765,18.760585137723524
17.2,307,357.48450576754055,-50.484505767540554
17.2,309,357.48450576754055,-48.484505767540554
17.2,344,357.48450576754055,-13.484505767540554
17.2,352,357.48450576754055,-5.484505767540554
17.3,335,360.72959667280463,-25.729596672804632
17.4,364,363.9746875780687,0.025312421931289464
17.4,335,363.9746875780687,-28.97468757806871
17.4,377,363.9746875780687,13.02531242193129
17.4,355,363.9746875780687,-8.97468757806871
17.5,392,367.2197784833329,24.780221516667098
17.5,401,367.2197784833329,33.7802215166671
17.6,401,370.464869388597,30.53513061140302
17.7,358,373.70996029386106,-15.709960293861059
17.7,323,373.70996029386106,-50.70996029386106
17.8,380,376.95505119912525,3.0449488008747494
17.9,370,380.2001421043892,-10.200142104389215
17.9,357,380.2001421043892,-23.200142104389215
18.1,388,386.6903239149176,1.3096760850824012
18.1,419,386.6903239149176,32.3096760850824
18.2,389,389.93541482018156,-0.9354148201815633
18.2,365,389.93541482018156,-24.935414820181563
18.3,392,393.18050572544576,-1.1805057254457552
18.3,401,393.18050572544576,7.819494274554245
18.4,406,396.4255966307097,9.57440336929028
18.4,414,396.4255966307097,17.57440336929028
18.4,413,396.4255966307097,16.57440336929028
18.4,390,396.4255966307097,-6.42559663070972
18.4,411,396.4255966307097,14.57440336929028
18.5,381,399.6706875359739,-18.67068753597391
18.5,381,399.6706875359739,-18.67068753597391
18.6,419,402.9157784412381,16.084221558761897
18.6,369,402.9157784412381,-33.9157784412381
18.6,418,402.9157784412381,15.084221558761897
18.6,368,402.9157784412381,-34.9157784412381
18.6,413,402.9157784412381,10.084221558761897
18.6,385,402.9157784412381,-17.915778441238103
18.6,366,402.9157784412381,-36.9157784412381
18.8,420,409.40596025176626,10.59403974823374
18.8,391,409.40596025176626,-18.40596025176626
18.8,442,409.40596025176626,32.59403974823374
18.9,452,412.65105115703034,39.34894884296966
18.9,411,412.65105115703034,-1.651051157030338
18.9,386,412.65105115703034,-26.651051157030338
18.9,404,412.65105115703034,-8.651051157030338
19.0,412,415.8961420622944,-3.896142062294416
19.0,463,415.8961420622944,47.103857937705584
19.1,394,419.1412329675586,-25.141232967558608
19.1,438,419.1412329675586,18.858767032441392
19.2,404,422.3863238728227,-18.386323872822686
19.2,433,422.3863238728227,10.613676127177314
19.2,409,422.3863238728227,-13.386323872822686
19.2,400,422.3863238728227,-22.386323872822686
19.3,436,425.63141477808676,10.368585221913236
19.3,404,425.63141477808676,-21.631414778086764
19.4,449,428.87650568335084,20.123494316649158
19.4,439,428.87650568335084,10.123494316649158
19.5,457,432.12159658861503,24.878403411384966
19.5,434,432.12159658861503,1.8784034113849657
19.6,447,435.3666874938791,11.633312506120888
19.6,399,435.3666874938791,-36.36668749387911
19.6,409,435.3666874938791,-26.366687493879112
19.6,428,435.3666874938791,-7.3666874938791125
19.7,454,438.6117783991432,15.38822160085681
19.7,449,438.6117783991432,10.38822160085681
19.8,393,441.85686930440727,-48.85686930440727
19.8,453,441.85686930440727,11.143130695592731
19.8,450,441.85686930440727,8.143130695592731
19.9,446,445.10196020967135,0.898039790328653
19.9,408,445.10196020967135,-37.10196020967135
19.9,455,445.10196020967135,9.898039790328653
20.1,444,451.5921420201996,-7.592142020199617
20.1,460,451.5921420201996,8.407857979800383
20.2,470,454.8372329254637,15.162767074536305
20.2,471,454.8372329254637,16.162767074536305
20.2,433,454.8372329254637,-21.837232925463695
20.3,445,458.0823238307279,-13.082323830727887
20.3,472,458.0823238307279,13.917676169272113
20.3,439,458.0823238307279,-19.082323830727887
20.3,467,458.0823238307279,8.917676169272113
20.4,464,461.32741473599185,2.6725852640081484
20.4,442,461.32741473599185,-19.32741473599185
20.5,441,464.57250564125604,-23.572505641256043
20.5,451,464.57250564125604,-13.572505641256043
20.5,451,464.57250564125604,-13.572505641256043
20.6,460,467.81759654652024,-7.817596546520235
20.7,511,471.0626874517842,39.9373125482158
20.7,466,471.0626874517842,-5.0626874517842
20.7,476,471.0626874517842,4.9373125482158
20.8,512,474.3077783570484,37.69222164295161
20.8,474,474.3077783570484,-0.3077783570483916
20.9,462,477.55286926231247,-15.55286926231247
20.9,488,477.55286926231247,10.44713073768753
20.9,403,477.55286926231247,-74.55286926231247
20.9,476,477.55286926231247,-1.5528692623124698
21.0,464,480.79796016757655,-16.797960167576548
21.0,490,480.79796016757655,9.202039832423452
21.0,479,480.79796016757655,-1.797960167576548
21.1,474,484.04305107284074,-10.04305107284074
21.1,474,484.04305107284074,-10.04305107284074
21.2,498,487.2881419781047,10.711858021895296
21.3,466,490.5332328833689,-24.533232883368896
21.3,474,490.5332328833689,-16.533232883368896
21.4,484,493.778323788633,-9.778323788632974
21.5,534,497.02341469389705,36.97658530610295
21.5,471,497.02341469389705,-26.023414693897053
21.5,512,497.02341469389705,14.976585306102947
21.5,484,497.02341469389705,-13.023414693897053
21.6,510,500.26850559916124,9.731494400838756
21.6,465,500.26850559916124,-35.268505599161244
21.6,542,500.26850559916124,41.731494400838756
21.6,556,500.26850559916124,55.731494400838756
21.6,547,500.26850559916124,46.731494400838756
21.7,509,503.5135965044253,5.486403495574677
21.7,501,503.5135965044253,-2.5135965044253226
21.7,485,503.5135965044253,-18.513596504425323
21.8,509,506.7586874096894,2.2413125903105993
21.8,499,506.7586874096894,-7.758687409689401
21.9,511,510.0037783149535,0.9962216850465211
21.9,544,510.0037783149535,33.99622168504652
22.1,529,516.4939601254817,12.506039874518251
22.2,566,519.7390510307458,46.26094896925417
22.2,500,519.7390510307458,-19.739051030745827
22.2,505,519.7390510307458,-14.739051030745827
22.2,493,519.7390510307458,-26.739051030745827
22.3,507,522.98414193601,-15.984141936010019
22.3,503,522.98414193601,-19.98414193601002
22.3,535,522.98414193601,12.015858063989981
22.3,492,522.98414193601,-30.98414193601002
22.3,514,522.98414193601,-8.984141936010019
22.4,524,526.229232841274,-2.2292328412739835
22.4,512,526.229232841274,-14.229232841273983
22.5,534,529.4743237465382,4.525676253461825
22.5,558,529.4743237465382,28.525676253461825
22.5,480,529.4743237465382,-49.474323746538175
22.6,515,532.7194146518023,-17.719414651802254
22.6,500,532.7194146518023,-32.71941465180225
22.6,563,532.7194146518023,30.280585348197746
22.7,590,535.9645055570663,54.03549444293367
22.7,535,535.9645055570663,-0.9645055570663317
22.7,535,535.9645055570663,-0.9645055570663317
22.8,536,539.2095964623305,-3.2095964623305235
22.9,593,542.4546873675945,50.54531263240551
23.0,569,545.6997782728587,23.30022172714132
23.0,498,545.6997782728587,-47.69977827285868
23.0,511,545.6997782728587,-34.69977827285868
23.0,508,545.6997782728587,-37.69977827285868
23.0,513,545.6997782728587,-32.69977827285868
23.1,534,548.9448691781229,-14.944869178122872
23.1,481,548.9448691781229,-67.94486917812287
23.1,562,548.9448691781229,13.055130821877128
23.2,570,552.1899600833868,17.810039916613164
23.2,565,552.1899600833868,12.810039916613164
23.2,568,552.1899600833868,15.810039916613164
23.2,557,552.1899600833868,4.810039916613164
23.3,527,555.435050988651,-28.435050988651028
23.3,551,555.435050988651,-4.435050988651028
23.3,546,555.435050988651,-9.435050988651028
23.5,541,561.9252327991792,-20.925232799179184
23.5,578,561.9252327991792,16.074767200820816
23.5,624,561.9252327991792,62.074767200820816
23.5,555,561.9252327991792,-6.925232799179184
23.5,558,561.9252327991792,-3.9252327991791844
23.6,546,565.1703237044434,-19.170323704443376
23.6,519,565.1703237044434,-46.170323704443376
23.6,574,565.1703237044434,8.829676295556624
23.8,600,571.6605055149715,28.339494485028467
23.8,561,571.6605055149715,-10.660505514971533
24.0,598,578.1506873254997,19.84931267450031
24.0,566,578.1506873254997,-12.150687325499689
24.0,592,578.1506873254997,13.849312674500311
24.1,596,581.3957782307639,14.60422176923612
24.1,610,581.3957782307639,28.60422176923612
24.2,591,584.640869136028,6.359130863972041
24.2,574,584.640869136028,-10.640869136027959
24.2,585,584.640869136028,0.35913086397204097
24.2,585,584.640869136028,0.35913086397204097
24.2,541,584.640869136028,-43.64086913602796
24.4,583,591.1310509465561,-8.131050946556115
24.4,577,591.1310509465561,-14.131050946556115
24.6,539,597.6212327570844,-58.621232757084385
24.6,581,597.6212327570844,-16.621232757084385
24.7,570,600.8663236623485,-30.866323662348464
24.8,567,604.1114145676127,-37.111414567612655
24.8,570,604.1114145676127,-34.111414567612655
24.8,620,604.1114145676127,15.888585432387345
25.1,609,613.846687283405,-4.846687283405004
25.2,645,617.091778188669,27.908221811331032
25.2,642,617.091778188669,24.908221811331032
25.2,596,617.091778188669,-21.091778188668968
25.2,595,617.091778188669,-22.091778188668968
25.2,665,617.091778188669,47.90822181133103
25.3,612,620.3368690939332,-8.33686909393316
25.3,668,620.3368690939332,47.66313090606684
25.4,609,623.5819599991972,-14.581959999197238
25.5,608,626.8270509044613,-18.827050904461316
25.5,587,626.8270509044613,-39.827050904461316
25.6,609,630.0721418097255,-21.072141809725508
25.7,643,633.3172327149895,9.682767285010527
25.7,619,633.3172327149895,-14.317232714989473
25.8,616,636.5623236202537,-20.562323620253665
25.8,657,636.5623236202537,20.437676379746335
25.8,631,636.5623236202537,-5.562323620253665
25.8,620,636.5623236202537,-16.562323620253665
25.9,628,639.8074145255177,-11.807414525517743
25.9,605,639.8074145255177,-34.80741452551774
25.9,668,639.8074145255177,28.192585474482257
26.0,625,643.0525054307818,-18.05250543078182
26.0,621,643.0525054307818,-22.05250543078182
26.1,690,646.297596336046,43.70240366395399
26.1,625,646.297596336046,-21.297596336046013
26.3,647,652.7877781465742,-5.787778146574169
26.3,640,652.7877781465742,-12.78777814657417
26.4,625,656.0328690518382,-31.032869051838247
26.4,648,656.0328690518382,-8.032869051838247
26.5,630,659.2779599571024,-29.27795995710244
26.5,663,659.2779599571024,3.722040042897561
26.7,669,665.7681417676306,3.2318582323694045
26.7,713,665.7681417676306,47.231858232369405
26.7,662,665.7681417676306,-3.7681417676305955
26.8,638,669.0132326728948,-31.013232672894787
26.9,669,672.2583235781588,-3.258323578158752
26.9,628,672.2583235781588,-44.25832357815875
27.0,654,675.503414483423,-21.503414483422944
27.0,645,675.503414483423,-30.503414483422944
27.1,696,678.748505388687,17.251494611312978
27.1,679,678.748505388687,0.2514946113129781
27.2,662,681.9935962939511,-19.9935962939511
27.2,647,681.9935962939511,-34.9935962939511
27.2,679,681.9935962939511,-2.9935962939511
27.2,678,681.9935962939511,-3.9935962939511
27.2,710,681.9935962939511,28.0064037060489
27.2,696,681.9935962939511,14.0064037060489
27.2,676,681.9935962939511,-5.9935962939511
27.3,702,685.2386871992153,16.761312800784708
27.3,702,685.2386871992153,16.761312800784708
27.3,670,685.2386871992153,-15.238687199215292
27.4,660,688.4837781044793,-28.483778104479256
27.4,697,688.4837781044793,8.516221895520744
27.5,670,691.7288690097434,-21.72886900974345
27.6,651,694.9739599150076,-43.97395991500764
27.6,708,694.9739599150076,13.02604008499236
27.7,715,698.2190508202716,16.780949179728395
27.7,687,698.2190508202716,-11.219050820271605
27.7,712,698.2190508202716,13.780949179728395
27.8,708,701.4641417255358,6.5358582744642035
27.8,731,701.4641417255358,29.535858274464204
27.8,739,701.4641417255358,37.5358582744642
27.8,719,701.4641417255358,17.535858274464204
27.9,704,704.7092326307999,-0.7092326307998746
28.0,702,707.954323536064,-5.954323536063953
28.0,672,707.954323536064,-35.95432353606395
28.0,735,707.954323536064,27.045676463936047
28.0,725,707.954323536064,17.045676463936047
28.0,734,707.954323536064,26.045676463936047
28.0,714,707.954323536064,6.045676463936047
28.0,693,707.954323536064,-14.954323536063953
28.1,692,711.1994144413281,-19.199414441328145
28.1,720,711.1994144413281,8.800585558671855
28.1,732,711.1994144413281,20.800585558671855
28.3,690,717.6895962518563,-27.6895962518563
28.5,697,724.1797780623845,-27.179778062384457
28.5,689,724.1797780623845,-35.17977806238446
28.6,698,727.4248689676486,-29.42486896764865
28.6,748,727.4248689676486,20.57513103235135
28.7,717,730.6699598729127,-13.669959872912727
28.7,801,730.6699598729127,70.33004012708727
28.7,747,730.6699598729127,16.330040127087273
28.7,697,730.6699598729127,-33.66995987291273
28.8,765,733.9150507781768,31.084949221823194
28.8,756,733.9150507781768,22.084949221823194
28.8,724,733.9150507781768,-9.915050778176806
28.8,738,733.9150507781768,4.084949221823194
28.9,773,737.1601416834409,35.839858316559116
28.9,733,737.1601416834409,-4.160141683440884
28.9,696,737.1601416834409,-41.160141683440884
29.0,737,740.4052325887051,-3.4052325887050756
29.0,730,740.4052325887051,-10.405232588705076
29.0,737,740.4052325887051,-3.4052325887050756
29.0,748,740.4052325887051,7.594767411294924
29.1,762,743.6503234939692,18.349676506030846
29.1,736,743.6503234939692,-7.650323493969154
29.2,757,746.8954143992332,10.104585600766768
29.2,735,746.8954143992332,-11.895414399233232
29.3,753,750.1405053044974,2.859494695502576
29.3,759,750.1405053044974,8.859494695502576
29.3,774,750.1405053044974,23.859494695502576
29.6,735,759.8757780202898,-24.875778020289772
29.7,778,763.1208689255537,14.879131074446263
29.7,768,763.1208689255537,4.8791310744462635
29.7,730,763.1208689255537,-33.12086892555374
29.7,777,763.1208689255537,13.879131074446263
29.7,806,763.1208689255537,42.87913107444626
29.8,737,766.3659598308179,-29.36595983081793
29.9,718,769.6110507360819,-51.61105073608189
29.9,754,769.6110507360819,-15.611050736081893
30.0,759,772.8561416413461,-13.856141641346085
30.0,785,772.8561416413461,12.143858358653915
30.0,780,772.8561416413461,7.143858358653915
30.0,752,772.8561416413461,-20.856141641346085
30.0,810,772.8561416413461,37.143858358653915
30.1,794,776.1012325466103,17.898767453389723
30.1,784,776.1012325466103,7.898767453389723
30.2,769,779.3463234518742,-10.346323451874241
30.3,774,782.5914143571384,-8.591414357138433
30.3,791,782.5914143571384,8.408585642861567
30.3,784,782.5914143571384,1.408585642861567
30.4,828,785.8365052624025,42.16349473759749
30.4,805,785.8365052624025,19.16349473759749
30.4,785,785.8365052624025,-0.8365052624025111
30.4,761,785.8365052624025,-24.83650526240251
30.4,772,785.8365052624025,-13.836505262402511
30.4,848,785.8365052624025,62.16349473759749
30.5,725,789.0815961676666,-64.08159616766659
30.5,811,789.0815961676666,21.91840383233341
30.7,809,795.5717779781949,13.42822202180514
30.7,771,795.5717779781949,-24.57177797819486
30.8,806,798.8168688834589,7.1831311165410625
30.8,828,798.8168688834589,29.183131116541063
31.0,729,805.3070506939872,-76.30705069398721
31.0,842,805.3070506939872,36.69294930601279
31.0,822,805.3070506939872,16.692949306012792
31.1,778,808.5521415992513,-30.552141599251286
31.1,782,808.5521415992513,-26.552141599251286
31.1,796,808.5521415992513,-12.552141599251286
31.1,812,808.5521415992513,3.4478584007487143
31.2,847,811.7972325045154,35.202767495484636
31.3,866,815.0423234097794,50.95767659022056
31.3,840,815.0423234097794,24.957676590220558
31.4,796,818.2874143150435,-22.28741431504352
31.4,782,818.2874143150435,-36.28741431504352
31.4,820,818.2874143150435,1.7125856849564798
31.5,791,821.5325052203077,-30.532505220307712
31.5,809,821.5325052203077,-12.532505220307712
31.6,833,824.7775961255719,8.222403874428096
31.6,853,824.7775961255719,28.222403874428096
31.6,802,824.7775961255719,-22.777596125571904
31.6,837,824.7775961255719,12.222403874428096
31.6,836,824.7775961255719,11.222403874428096
31.7,839,828.022687030836,10.977312969164018
31.7,880,828.022687030836,51.97731296916402
31.7,833,828.022687030836,4.977312969164018
31.7,806,828.022687030836,-22.022687030835982
31.7,818,828.022687030836,-10.022687030835982
31.8,823,831.2677779361001,-8.26777793610006
31.8,861,831.2677779361001,29.73222206389994
31.9,879,834.5128688413641,44.48713115863586
31.9,808,834.5128688413641,-26.51286884136414
32.0,851,837.7579597466282,13.242040253371783
32.0,841,837.7579597466282,3.2420402533717834
32.1,847,841.0030506518923,5.996949348107705
32.1,803,841.0030506518923,-38.003050651892295
32.2,835,844.2481415571566,-9.2481415571566
32.2,833,844.2481415571566,-11.2481415571566
32.2,863,844.2481415571566,18.7518584428434
32.3,817,847.4932324624205,-30.49323246242045
32.3,842,847.4932324624205,-5.493232462420451
32.3,882,847.4932324624205,34.50676753757955
32.3,864,847.4932324624205,16.50676753757955
32.3,845,847.4932324624205,-2.493232462420451
32.4,853,850.7383233676845,2.2616766323154707
32.4,848,850.7383233676845,-2.7383233676845293
32.5,861,853.9834142729488,7.016585727051165
32.5,810,853.9834142729488,-43.983414272948835
32.5,816,853.9834142729488,-37.983414272948835
32.6,843,857.2285051782129,-14.228505178212913
32.6,865,857.2285051782129,7.771494821787087
32.6,838,857.2285051782129,-19.228505178212913
32.6,848,857.2285051782129,-9.228505178212913
32.7,889,860.473596083477,28.52640391652301
32.7,869,860.473596083477,8.526403916523009
32.7,871,860.473596083477,10.526403916523009
32.8,868,863.7186869887411,4.281313011258931
32.8,882,863.7186869887411,18.28131301125893
32.9,863,866.9637778940051,-3.9637778940051476
32.9,865,866.9637778940051,-1.9637778940051476
32.9,906,866.9637778940051,39.03622210599485
32.9,871,866.9637778940051,4.036222105994852
33.0,865,870.2088687992692,-5.208868799269226
33.1,851,873.4539597045335,-22.45395970453353
33.2,841,876.6990506097976,-35.69905060979761
33.2,853,876.6990506097976,-23.69905060979761
33.2,919,876.6990506097976,42.30094939020239
33.3,916,879.9441415150615,36.05585848493854
33.3,900,879.9441415150615,20.05585848493854
33.3,876,879.9441415150615,-3.9441415150614603
33.4,903,883.1892324203258,19.810767579674234
33.4,910,883.1892324203258,26.810767579674234
33.5,899,886.4343233255898,12.565676674410156
33.5,874,886.4343233255898,-12.434323325589844
33.6,875,889.6794142308539,-14.679414230853922
33.6,872,889.6794142308539,-17.679414230853922
33.6,887,889.6794142308539,-2.679414230853922
33.7,903,892.924505136118,10.075494863882
33.7,880,892.924505136118,-12.924505136118
33.7,901,892.924505136118,8.075494863882
33.8,909,896.1695960413821,12.830403958617921
33.9,898,899.4146869466462,-1.4146869466461567
33.9,888,899.4146869466462,-11.414686946646157
33.9,899,899.4146869466462,-0.4146869466461567
34.0,866,902.6597778519102,-36.659777851910235
34.1,895,905.9048687571745,-10.90486875717454
34.2,894,909.1499596624386,-15.149959662438619
34.3,921,912.3950505677025,8.60494943229753
34.3,880,912.3950505677025,-32.39505056770247
34.4,931,915.6401414729668,15.359858527033225
34.4,935,915.6401414729668,19.359858527033225
34.4,924,915.6401414729668,8.359858527033225
34.5,923,918.8852323782309,4.114767621769147
34.5,931,918.8852323782309,12.114767621769147
34.5,905,918.8852323782309,-13.885232378230853
34.5,920,918.8852323782309,1.114767621769147
34.6,930,922.1303232834949,7.869676716505069
34.6,912,922.1303232834949,-10.130323283494931
34.6,940,922.1303232834949,17.86967671650507
34.6,933,922.1303232834949,10.869676716505069
34.6,907,922.1303232834949,-15.130323283494931
34.7,943,925.3754141887592,17.624585811240763
34.7,917,925.3754141887592,-8.375414188759237
34.8,921,928.6205050940231,-7.620505094023088
34.8,960,928.6205050940231,31.379494905976912
34.9,913,931.8655959992872,-18.865595999287166
35.0,940,935.1106869045515,4.889313095448529
35.0,982,935.1106869045515,46.88931309544853
35.1,963,938.3557778098155,24.64422219018445
35.1,915,938.3557778098155,-23.35577780981555
35.1,940,938.3557778098155,1.6442221901844505
35.1,962,938.3557778098155,23.64422219018445
35.1,946,938.3557778098155,7.6442221901844505
35.2,913,941.6008687150796,-28.600868715079628
35.2,920,941.6008687150796,-21.600868715079628
35.3,954,944.8459596203437,9.154040379656294
35.4,926,948.0910505256078,-22.091050525607784
35.4,943,948.0910505256078,-5.091050525607784
35.4,970,948.0910505256078,21.908949474392216
35.4,900,948.0910505256078,-48.091050525607784
35.4,963,948.0910505256078,14.908949474392216
35.5,982,951.3361414308719,30.663858569128138
35.5,944,951.3361414308719,-7.336141430871862
35.6,990,954.5812323361362,35.41876766386383
35.7,952,957.8263232414002,-5.826323241400246
35.7,953,957.8263232414002,-4.826323241400246
35.8,950,961.0714141466641,-11.071414146664097
35.8,986,961.0714141466641,24.928585853335903
35.8,964,961.0714141466641,2.9285858533359033
36.0,951,967.5615959571925,-16.56159595719248
36.0,992,967.5615959571925,24.43840404280752
36.1,968,970.8066868624566,-2.8066868624565586
36.1,963,970.8066868624566,-7.806686862456559
36.1,996,970.8066868624566,25.19331313754344
36.1,991,970.8066868624566,20.19331313754344
36.1,982,970.8066868624566,11.193313137543441
36.2,962,974.0517777677209,-12.051777767720864
36.2,974,974.0517777677209,-0.051777767720864176
36.2,977,974.0517777677209,2.948222232279136
36.2,997,974.0517777677209,22.948222232279136
36.2,979,974.0517777677209,4.948222232279136
36.3,978,977.2968686729847,0.703131327015285
36.3,982,977.2968686729847,4.703131327015285
36.3,1025,977.2968686729847,47.703131327015285
36.3,985,977.2968686729847,7.703131327015285
36.4,965,980.5419595782488,-15.541959578248793
36.4,1052,980.5419595782488,71.4580404217512
36.5,988,983.7870504835129,4.212949516487129
36.5,979,983.7870504835129,-4.787050483512871
36.5,973,983.7870504835129,-10.787050483512871
36.5,973,983.7870504835129,-10.787050483512871
36.5,1011,983.7870504835129,27.21294951648713
36.6,966,987.0321413887772,-21.032141388777177
36.6,984,987.0321413887772,-3.032141388777177
36.6,954,987.0321413887772,-33.03214138877718
36.6,981,987.0321413887772,-6.032141388777177
36.8,989,993.5223231993051,-4.522323199305106
36.9,1018,996.7674141045694,21.23258589543059
37.0,999,1000.0125050098335,-1.0125050098334896
37.0,1038,1000.0125050098335,37.98749499016651
37.0,1010,1000.0125050098335,9.98749499016651
37.0,1018,1000.0125050098335,17.98749499016651
37.1,985,1003.2575959150976,-18.257595915097568
37.1,956,1003.2575959150976,-47.25759591509757
37.1,1000,1003.2575959150976,-3.2575959150975677
37.1,992,1003.2575959150976,-11.257595915097568
37.2,1010,1006.5026868203619,3.4973131796381267
37.3,1026,1009.7477777256257,16.252222274374276
37.4,1013,1012.9928686308898,0.007131369110197738
37.4,1060,1012.9928686308898,47.0071313691102
37.5,1024,1016.2379595361541,7.762040463845892
37.5,964,1016.2379595361541,-52.23795953615411
37.5,1026,1016.2379595361541,9.762040463845892
37.6,999,1019.4830504414182,-20.483050441418186
37.7,1007,1022.7281413466823,-15.728141346682264
37.7,1006,1022.7281413466823,-16.728141346682264
37.7,997,1022.7281413466823,-25.728141346682264
37.8,1033,1025.9732322519462,7.026767748053771
37.8,1029,1025.9732322519462,3.0267677480537714
37.9,1018,1029.2183231572103,-11.218323157210307
37.9,1007,1029.2183231572103,-22.218323157210307
38.0,1036,1032.4634140624744,3.536585937525615
38.1,1057,1035.708504967739,21.291495032261082
38.1,1039,1035.708504967739,3.291495032261082
38.2,1082,1038.953595873003,43.046404126997004
38.2,1048,1038.953595873003,9.046404126997004
38.2,1033,1038.953595873003,-5.953595873002996
38.3,1031,1042.1986867782666,-11.19868677826662
38.4,1074,1045.4437776835312,28.556222316468848
38.4,1024,1045.4437776835312,-21.443777683531152
38.4,1052,1045.4437776835312,6.556222316468848
38.4,994,1045.4437776835312,-51.44377768353115
38.4,1027,1045.4437776835312,-18.443777683531152
38.5,1055,1048.6888685887952,6.311131411204769
38.5,1082,1048.6888685887952,33.31113141120477
38.5,1030,1048.6888685887952,-18.68886858879523
38.6,1055,1051.9339594940593,3.066040505940691
38.6,1048,1051.9339594940593,-3.933959494059309
38.6,1074,1051.9339594940593,22.06604050594069
38.6,1030,1051.9339594940593,-21.93395949405931
38.6,1072,1051.9339594940593,20.06604050594069
38.7,1063,1055.1790503993234,7.820949600676613
38.7,1038,1055.1790503993234,-17.179050399323387
38.7,1059,1055.1790503993234,3.820949600676613
38.7,1108,1055.1790503993234,52.82094960067661
38.7,1074,1055.1790503993234,18.820949600676613
38.8,1081,1058.4241413045875,22.575858695412535
38.8,1042,1058.4241413045875,-16.424141304587465
38.8,1054,1058.4241413045875,-4.424141304587465
38.8,1060,1058.4241413045875,1.5758586954125349
38.8,1013,1058.4241413045875,-45.424141304587465
38.8,1033,1058.4241413045875,-25.424141304587465
38.9,1064,1061.6692322098515,2.3307677901484567
38.9,1071,1061.6692322098515,9.330767790148457
38.9,1030,1061.6692322098515,-31.669232209851543
38.9,1024,1061.6692322098515,-37.66923220985154
38.9,1039,1061.6692322098515,-22.669232209851543
39.0,1081,1064.9143231151156,16.08567688488438
39.1,1056,1068.1594140203797,-12.1594140203797
39.1,1057,1068.1594140203797,-11.1594140203797
39.1,1081,1068.1594140203797,12.8405859796203
39.1,1144,1068.1594140203797,75.8405859796203
39.2,1033,1071.4045049256438,-38.40450492564378
39.2,1079,1071.4045049256438,7.595495074356222
39.2,1085,1071.4045049256438,13.595495074356222
39.2,1122,1071.4045049256438,50.59549507435622
39.2,1068,1071.4045049256438,-3.404504925643778
39.3,1087,1074.6495958309079,12.350404169092144
39.3,1071,1074.6495958309079,-3.649595830907856
39.3,1068,1074.6495958309079,-6.649595830907856
39.3,1055,1074.6495958309079,-19.649595830907856
39.3,1054,1074.6495958309079,-20.649595830907856
39.4,1083,1077.894686736172,5.105313263828066
39.4,1070,1077.894686736172,-7.894686736171934
39.5,1080,1081.139777641436,-1.1397776414360123
39.5,1068,1081.139777641436,-13.139777641436012
39.6,1044,1084.3848685467,-40.38486854670009
39.6,1071,1084.3848685467,-13.38486854670009
39.6,1074,1084.3848685467,-10.38486854670009
39.7,1083,1087.6299594519646,-4.629959451964623
39.7,1073,1087.6299594519646,-14.629959451964623
39.7,1098,1087.6299594519646,10.370040548035377
39.9,1039,1094.1201412624923,-55.120141262492325
39.9,1106,1094.1201412624923,11.879858737507675
39.9,1094,1094.1201412624923,-0.12014126249232504
39.9,1034,1094.1201412624923,-60.120141262492325
40.0,1071,1097.3652321677569,-26.365232167756858
40.2,1056,1103.855413978285,-47.855413978285014
40.2,1079,1103.855413978285,-24.855413978285014
40.2,1054,1103.855413978285,-49.855413978285014
40.2,1080,1103.855413978285,-23.855413978285014
40.3,1072,1107.100504883549,-35.10050488354909
40.3,1108,1107.100504883549,0.8994951164509075
40.3,1142,1107.100504883549,34.89949511645091
40.3,1149,1107.100504883549,41.89949511645091
40.4,1098,1110.3455957888132,-12.34559578881317
40.4,1088,1110.3455957888132,-22.34559578881317
40.5,1104,1113.5906866940772,-9.590686694077249
40.5,1104,1113.5906866940772,-9.590686694077249
40.5,1159,1113.5906866940772,45.40931330592275
40.5,1129,1113.5906866940772,15.409313305922751
40.5,1083,1113.5906866940772,-30.59068669407725
40.5,1120,1113.5906866940772,6.409313305922751
40.6,1142,1116.8357775993413,25.164222400658673
40.7,1103,1120.0808685046054,-17.080868504605405
40.7,1084,1120.0808685046054,-36.080868504605405
40.7,1061,1120.0808685046054,-59.080868504605405
40.8,1096,1123.3259594098695,-27.325959409869483
40.8,1118,1123.3259594098695,-5.325959409869483
40.8,1109,1123.3259594098695,-14.325959409869483
40.8,1169,1123.3259594098695,45.67404059013052
40.8,1169,1123.3259594098695,45.67404059013052
40.9,1103,1126.5710503151336,-23.57105031513356
40.9,1120,1126.5710503151336,-6.5710503151335615
41.0,1170,1129.8161412203976,40.18385877960236
41.0,1117,1129.8161412203976,-12.81614122039764
41.0,1139,1129.8161412203976,9.18385877960236
41.1,1131,1133.0612321256617,-2.061232125661718
41.1,1106,1133.0612321256617,-27.061232125661718
41.1,1100,1133.0612321256617,-33.06123212566172
41.1,1116,1133.0612321256617,-17.061232125661718
41.2,1127,1136.3063230309263,-9.30632303092625
41.2,1118,1136.3063230309263,-18.30632303092625
41.2,1080,1136.3063230309263,-56.30632303092625
41.2,1151,1136.3063230309263,14.69367696907375
41.3,1174,1139.5514139361899,34.448586063810126
41.3,1152,1139.5514139361899,12.448586063810126
41.3,1170,1139.5514139361899,30.448586063810126
41.3,1124,1139.5514139361899,-15.551413936189874
41.4,1115,1142.796504841454,-27.796504841453952
41.4,1149,1142.796504841454,6.203495158546048
41.5,1152,1146.0415957467185,5.958404253281515
41.5,1130,1146.0415957467185,-16.041595746718485
41.5,1143,1146.0415957467185,-3.0415957467184853
41.6,1130,1149.2866866519826,-19.286686651982563
41.6,1099,1149.2866866519826,-50.28668665198256
41.6,1133,1149.2866866519826,-16.286686651982563
41.7,1129,1152.5317775572466,-23.53177755724664
41.7,1172,1152.5317775572466,19.46822244275336
41.8,1169,1155.7768684625107,13.22313153748928
41.8,1190,1155.7768684625107,34.22313153748928
41.8,1122,1155.7768684625107,-33.77686846251072
41.9,1148,1159.0219593677748,-11.021959367774798
41.9,1140,1159.0219593677748,-19.021959367774798
41.9,1161,1159.0219593677748,1.978040632225202
42.0,1178,1162.2670502730389,15.732949726961124
42.1,1177,1165.512141178303,11.487858821697046
42.1,1175,1165.512141178303,9.487858821697046
42.1,1140,1165.512141178303,-25.512141178302954
42.1,1174,1165.512141178303,8.487858821697046
42.1,1143,1165.512141178303,-22.512141178302954
42.2,1185,1168.757232083567,16.242767916432967
42.3,1145,1172.002322988831,-27.00232298883111
42.3,1156,1172.002322988831,-16.00232298883111
42.3,1169,1172.002322988831,-3.0023229888311107
42.4,1140,1175.2474138940952,-35.24741389409519
42.4,1165,1175.2474138940952,-10.247413894095189
42.5,1223,1178.4925047993593,44.50749520064073
42.6,1214,1181.7375957046233,32.262404295376655
42.6,1198,1181.7375957046233,16.262404295376655
42.7,1193,1184.9826866098874,8.017313390112577
42.7,1202,1184.9826866098874,17.017313390112577
42.8,1144,1188.2277775151515,-44.2277775151515
42.9,1150,1191.4728684204156,-41.47286842041558
42.9,1162,1191.4728684204156,-29.47286842041558
42.9,1230,1191.4728684204156,38.52713157958442
43.0,1227,1194.7179593256797,32.28204067432034
43.0,1185,1194.7179593256797,-9.717959325679658
43.1,1170,1197.9630502309442,-27.96305023094419
43.1,1167,1197.9630502309442,-30.96305023094419
43.1,1231,1197.9630502309442,33.03694976905581
43.1,1202,1197.9630502309442,4.036949769055809
43.2,1203,1201.2081411362083,1.791858863791731
43.2,1170,1201.2081411362083,-31.20814113620827
43.3,1202,1204.453232041472,-2.4532320414718924
43.3,1191,1204.453232041472,-13.453232041471892
43.3,1232,1204.453232041472,27.546767958528108
43.5,1149,1210.9434138520005,-61.9434138520005
43.6,1193,1214.1885047572646,-21.18850475726458
43.6,1190,1214.1885047572646,-24.18850475726458
43.6,1120,1214.1885047572646,-94.18850475726458
43.6,1206,1214.1885047572646,-8.188504757264582
43.7,1244,1217.4335956625287,26.56640433747134
43.7,1251,1217.4335956625287,33.56640433747134
43.7,1222,1217.4335956625287,4.56640433747134
43.7,1243,1217.4335956625287,25.56640433747134
43.7,1244,1217.4335956625287,26.56640433747134
43.7,1199,1217.4335956625287,-18.43359566252866
43.9,1190,1223.9237774730568,-33.923777473056816
44.0,1234,1227.168868378321,6.831131621679106
44.0,1274,1227.168868378321,46.831131621679106
44.2,1206,1233.659050188849,-27.65905018884905
44.2,1216,1233.659050188849,-17.65905018884905
44.3,1238,1236.9041410941131,1.095858905886871
44.3,1216,1236.9041410941131,-20.90414109411313
44.4,1268,1240.1492319993772,27.850768000622793
44.4,1259,1240.1492319993772,18.850768000622793
44.6,1244,1246.6394138099058,-2.639413809905818
44.6,1202,1246.6394138099058,-44.63941380990582
44.7,1214,1249.88450471517,-35.884504715169896
44.8,1269,1253.1295956204335,15.87040437956648
44.9,1276,1256.374686525698,19.625313474301947
44.9,1253,1256.374686525698,-3.3746865256980527
45.0,1260,1259.6197774309621,0.3802225690378691
45.0,1236,1259.6197774309621,-23.61977743096213
45.0,1297,1259.6197774309621,37.38022256903787
45.1,1251,1262.8648683362262,-11.864868336226209
45.3,1274,1269.3550501467544,4.644949853245635
45.3,1264,1269.3550501467544,-5.355050146754365
45.3,1267,1269.3550501467544,-2.3550501467543654
45.4,1262,1272.6001410520184,-10.600141052018444
45.4,1254,1272.6001410520184,-18.600141052018444
45.5,1218,1275.8452319572825,-57.84523195728252
45.6,1297,1279.0903228625466,17.9096771374534
45.7,1307,1282.3354137678107,24.664586232189322
45.7,1265,1282.3354137678107,-17.335413767810678
45.7,1260,1282.3354137678107,-22.335413767810678
45.7,1271,1282.3354137678107,-11.335413767810678
45.8,1314,1285.5805046730748,28.419495326925244
45.9,1276,1288.8255955783388,-12.825595578338834
45.9,1289,1288.8255955783388,0.17440442166116554
45.9,1247,1288.8255955783388,-41.825595578338834
45.9,1281,1288.8255955783388,-7.8255955783388345
46.0,1304,1292.070686483603,11.929313516397087
46.0,1226,1292.070686483603,-66.07068648360291
46.0,1282,1292.070686483603,-10.070686483602913
46.1,1262,1295.315777388867,-33.31577738886699
46.1,1314,1295.315777388867,18.68422261113301
46.3,1316,1301.8059591993951,14.194040800604853
46.3,1246,1301.8059591993951,-55.80595919939515
46.3,1316,1301.8059591993951,14.194040800604853
46.5,1318,1308.2961410099238,9.703858990076242
46.5,1279,1308.2961410099238,-29.29614100992376
46.5,1301,1308.2961410099238,-7.296141009923758
46.6,1283,1311.5412319151878,-28.541231915187836
46.6,1336,1311.5412319151878,24.458768084812164
46.7,1276,1314.786322820452,-38.786322820451915
46.7,1292,1314.786322820452,-22.786322820451915
46.8,1321,1318.031413725716,2.9685862742840072
46.8,1275,1318.031413725716,-43.03141372571599
46.9,1322,1321.27650463098,0.7234953690199291
46.9,1309,1321.27650463098,-12.276504630980071
46.9,1340,1321.27650463098,18.72349536901993
47.0,1332,1324.5215955362441,7.478404463755851
47.1,1328,1327.7666864415082,0.2333135584917727
47.1,1318,1327.7666864415082,-9.766686441508227
47.1,1349,1327.7666864415082,21.233313558491773
47.2,1348,1331.0117773467723,16.988222653227695
47.2,1296,1331.0117773467723,-35.011777346772305
47.2,1335,1331.0117773467723,3.9882226532276945
47.2,1316,1331.0117773467723,-15.011777346772305
47.2,1316,1331.0117773467723,-15.011777346772305
47.3,1373,1334.2568682520364,38.743131747963616
47.3,1333,1334.2568682520364,-1.2568682520363836
47.4,1332,1337.5019591573005,-5.501959157300462
47.4,1323,1337.5019591573005,-14.501959157300462
47.4,1326,1337.5019591573005,-11.501959157300462
47.4,1340,1337.5019591573005,2.498040842699538
47.4,1349,1337.5019591573005,11.498040842699538
47.5,1291,1340.7470500625645,-49.74705006256454
47.5,1349,1340.7470500625645,8.25294993743546
47.6,1302,1343.9921409678286,-41.99214096782862
47.6,1324,1343.9921409678286,-19.992140967828618
47.6,1331,1343.9921409678286,-12.992140967828618
47.7,1357,1347.2372318730932,9.762768126906849
47.7,1378,1347.2372318730932,30.76276812690685
47.7,1389,1347.2372318730932,41.76276812690685
47.8,1378,1350.4823227783568,27.517677221643225
47.8,1349,1350.4823227783568,-1.4823227783567745
47.9,1344,1353.7274136836209,-9.727413683620853
47.9,1317,1353.7274136836209,-36.72741368362085
47.9,1395,1353.7274136836209,41.27258631637915
47.9,1338,1353.7274136836209,-15.727413683620853
48.0,1354,1356.972504588885,-2.972504588884931
48.1,1383,1360.2175954941495,22.782404505850536
48.1,1323,1360.2175954941495,-37.217595494149464
48.1,1362,1360.2175954941495,1.7824045058505362
48.1,1383,1360.2175954941495,22.782404505850536
48.1,1387,1360.2175954941495,26.782404505850536
48.1,1346,1360.2175954941495,-14.217595494149464
48.1,1410,1360.2175954941495,49.782404505850536
48.2,1324,1363.4626863994135,-39.46268639941354
48.3,1365,1366.7077773046772,-1.7077773046771654
48.3,1353,1366.7077773046772,-13.707777304677165
48.3,1392,1366.7077773046772,25.292222695322835
48.4,1367,1369.9528682099417,-2.9528682099416983
48.4,1391,1369.9528682099417,21.0471317900583
48.4,1374,1369.9528682099417,4.047131790058302
48.6,1374,1376.4430500204699,-2.4430500204698546
48.6,1370,1376.4430500204699,-6.443050020469855
48.6,1401,1376.4430500204699,24.556949979530145
48.7,1386,1379.688140925734,6.311859074266067
48.7,1400,1379.688140925734,20.311859074266067
48.7,1361,1379.688140925734,-18.688140925733933
48.7,1406,1379.688140925734,26.311859074266067
48.7,1396,1379.688140925734,16.311859074266067
48.8,1408,1382.933231830998,25.06676816900199
48.9,1361,1386.178322736262,-25.17832273626209
48.9,1368,1386.178322736262,-18.17832273626209
48.9,1374,1386.178322736262,-12.17832273626209
48.9,1396,1386.178322736262,9.82167726373791
48.9,1358,1386.178322736262,-28.17832273626209
48.9,1380,1386.178322736262,-6.178322736262089
49.0,1380,1389.4234136415262,-9.423413641526167
49.0,1423,1389.4234136415262,33.57658635847383
49.0,1402,1389.4234136415262,12.576586358473833
49.1,1385,1392.6685045467902,-7.6685045467902455
49.1,1365,1392.6685045467902,-27.668504546790246
49.1,1400,1392.6685045467902,7.3314954532097545
49.1,1368,1392.6685045467902,-24.668504546790246
49.1,1393,1392.6685045467902,0.3314954532097545
49.2,1410,1395.9135954520543,14.086404547945676
49.3,1429,1399.1586863573184,29.841313642681598
49.3,1454,1399.1586863573184,54.8413136426816
49.3,1378,1399.1586863573184,-21.158686357318402
49.3,1353,1399.1586863573184,-46.1586863573184
49.4,1386,1402.4037772625825,-16.40377726258248
49.4,1378,1402.4037772625825,-24.40377726258248
49.5,1415,1405.6488681678466,9.351131832153442
49.5,1381,1405.6488681678466,-24.648868167846558
49.7,1395,1412.1390499783752,-17.13904997837517
49.7,1437,1412.1390499783752,24.86095002162483
49.8,1423,1415.3841408836388,7.615859116361207
49.8,1482,1415.3841408836388,66.61585911636121
49.9,1415,1418.6292317889033,-3.6292317889033257
49.9,1413,1418.6292317889033,-5.629231788903326
50.0,1418,1421.8743226941674,-3.874322694167404
50.0,1396,1421.8743226941674,-25.874322694167404
50.0,1377,1421.8743226941674,-44.874322694167404
