Temperature,IceCreamSales
10.0,155
10.0,115
10.0,172
10.0,126
10.0,101
10.0,123
10.0,167
10.1,122
10.1,147
10.1,136
10.1,165
10.1,152
10.1,127
10.1,143
10.1,133
10.1,119
10.1,115
10.1,155
10.1,154
10.1,148
10.2,124
10.2,139
10.2,127
10.2,109
10.2,203
10.2,123
10.2,115
10.2,126
10.2,131
10.2,129
10.3,143
10.3,107
10.3,104
10.3,129
10.3,140
10.3,142
10.3,113
10.3,123
10.3,134
10.3,144
10.3,106
10.3,152
10.3,116
10.3,114
10.3,129
10.3,145
10.4,157
10.4,83
10.4,121
10.4,99
10.4,168
10.4,146
10.4,96
10.4,147
10.4,150
10.4,123
10.4,204
10.4,105
10.4,160
10.5,143
10.5,129
10.5,127
10.5,179
10.5,153
10.5,76
10.5,130
10.5,134
10.5,167
10.5,191
10.5,190
10.5,138
10.5,137
10.5,129
10.5,98
10.5,153
10.5,169
10.6,149
10.6,145
10.6,112
10.6,139
10.6,178
10.6,161
10.6,187
10.6,124
10.6,183
10.6,155
10.7,130
10.7,144
10.7,137
10.7,135
10.7,113
10.7,136
10.7,132
10.7,142
10.7,162
10.7,155
10.7,148
10.7,167
10.7,128
10.7,161
10.8,189
10.8,147
10.8,152
10.8,126
10.8,166
10.8,174
10.8,145
10.8,145
10.8,123
10.8,203
10.8,140
10.8,160
10.8,120
10.8,148
10.9,146
10.9,135
10.9,144
10.9,124
10.9,154
10.9,124
10.9,159
10.9,174
10.9,153
10.9,167
10.9,149
10.9,126
10.9,220
10.9,127
10.9,160
10.9,144
11.0,156
11.0,166
11.0,163
11.0,160
11.0,182
11.0,140
11.0,175
11.0,135
11.0,153
11.0,205
11.0,153
11.0,171
11.1,169
11.1,143
11.1,128
11.1,131
11.1,204
11.1,129
11.1,190
11.1,171
11.1,98
11.1,126
11.1,151
11.1,174
11.1,158
11.1,155
11.1,144
11.2,185
11.2,145
11.2,159
11.2,175
11.2,172
11.2,187
11.2,181
11.2,166
11.2,184
11.3,206
11.3,149
11.3,123
11.3,154
11.3,173
11.3,159
11.3,189
11.3,155
11.3,173
11.4,136
11.4,173
11.4,156
11.4,218
11.4,143
11.4,158
11.4,171
11.4,179
11.4,171
11.4,184
11.5,140
11.5,191
11.5,140
11.5,222
11.5,178
11.5,156
11.5,177
11.5,206
11.5,118
11.5,171
11.5,153
11.6,132
11.6,146
11.6,189
11.6,163
11.6,183
11.6,147
11.6,165
11.6,245
11.6,195
11.6,178
11.6,182
11.6,157
11.6,123
11.6,180
11.6,185
11.6,179
11.6,169
11.6,160
11.6,181
11.7,179
11.7,180
11.7,187
11.7,156
11.7,170
11.7,141
11.7,144
11.7,155
11.7,191
11.7,161
11.8,205
11.8,139
11.8,169
11.8,166
11.8,173
11.8,142
11.8,171
11.8,225
11.8,201
11.8,191
11.9,185
11.9,197
11.9,193
11.9,180
11.9,170
12.0,213
12.0,196
12.0,222
12.0,155
12.0,173
12.0,171
12.0,162
12.0,167
12.0,217
12.0,157
12.0,150
12.0,211
12.0,148
12.0,182
12.0,191
12.0,173
12.0,191
12.0,199
12.0,200
12.0,163
12.0,178
12.0,209
12.0,161
12.0,187
12.0,201
12.0,201
12.1,214
12.1,177
12.1,99
12.1,179
12.1,199
12.1,248
12.1,188
12.1,151
12.1,183
12.1,182
12.2,225
12.2,229
12.2,183
12.2,196
12.2,235
12.2,159
12.2,190
12.2,156
12.2,225
12.2,155
12.2,157
12.2,189
12.2,181
12.2,210
12.3,171
12.3,166
12.3,227
12.3,211
12.3,182
12.3,246
12.3,251
12.3,182
12.3,170
12.3,193
12.3,198
12.3,188
12.3,181
12.3,269
12.4,226
12.4,219
12.4,228
12.4,244
12.4,193
12.4,182
12.4,199
12.4,208
12.4,183
12.4,184
12.4,186
12.4,187
12.4,172
12.5,225
12.5,235
12.5,230
12.5,182
12.5,168
12.5,215
12.5,210
12.5,208
12.5,213
12.5,206
12.5,221
12.6,193
12.6,210
12.6,193
12.6,237
12.6,239
12.6,178
12.6,197
12.6,200
12.6,218
12.6,156
12.6,264
12.7,200
12.7,192
12.7,188
12.7,220
12.7,184
12.7,220
12.7,247
12.7,223
12.7,243
12.7,236
12.8,202
12.8,196
12.8,204
12.8,217
12.8,234
12.8,210
12.8,205
12.8,212
12.8,225
12.8,212
12.8,229
12.8,209
12.8,216
12.8,205
12.8,206
12.8,215
12.8,206
12.8,216
12.8,180
12.9,207
12.9,222
12.9,259
12.9,253
12.9,200
12.9,246
12.9,205
12.9,236
12.9,196
12.9,262
12.9,214
12.9,213
12.9,255
12.9,234
12.9,210
13.0,204
13.0,175
13.0,233
13.0,246
13.0,242
13.0,237
13.0,231
13.0,251
13.0,198
13.0,182
13.0,193
13.0,263
13.1,209
13.1,178
13.1,204
13.1,211
13.1,183
13.1,273
13.1,231
13.1,224
13.1,250
13.1,204
13.1,230
13.1,228
13.1,179
13.1,191
13.2,215
13.2,258
13.2,192
13.2,219
13.2,215
13.2,213
13.2,216
13.2,261
13.2,169
13.2,236
13.2,201
13.2,231
13.2,231
13.2,198
13.2,268
13.2,210
13.2,225
13.3,273
13.3,225
13.3,244
13.3,282
13.3,243
13.3,207
13.3,235
13.3,213
13.3,300
13.3,225
13.3,204
13.3,201
13.3,221
13.3,216
13.3,230
13.3,239
13.4,208
13.4,258
13.4,252
13.4,230
13.4,226
13.4,215
13.5,251
13.5,244
13.5,245
13.5,246
13.5,244
13.5,246
13.5,251
13.5,210
13.5,250
13.5,176
13.5,242
13.5,253
13.6,237
13.6,285
13.6,225
13.6,278
13.6,251
13.6,212
13.7,213
13.7,292
13.7,245
13.7,240
13.7,212
13.7,254
13.7,253
13.7,241
13.7,226
13.8,226
13.8,266
13.8,276
13.8,213
13.8,243
13.8,213
13.8,243
13.8,237
13.8,283
13.8,266
13.8,237
13.8,240
13.9,243
13.9,213
13.9,283
13.9,283
13.9,267
13.9,209
13.9,252
13.9,305
13.9,215
13.9,246
13.9,223
13.9,224
13.9,239
13.9,218
13.9,220
13.9,285
13.9,261
13.9,276
13.9,226
14.0,250
14.0,260
14.0,300
14.0,308
14.0,199
14.0,275
14.0,276
14.0,242
14.0,233
14.0,263
14.0,330
14.1,234
14.1,272
14.1,269
14.1,284
14.1,235
14.1,231
14.1,222
14.1,261
14.1,227
14.1,273
14.1,306
14.1,245
14.1,258
14.1,237
14.1,243
14.2,308
14.2,263
14.2,265
14.2,264
14.2,242
14.2,254
14.2,269
14.2,285
14.2,248
14.2,220
14.3,304
14.3,251
14.3,269
14.3,255
14.4,270
14.4,234
14.4,239
14.4,283
14.4,237
14.4,272
14.4,261
14.4,230
14.4,254
14.4,257
14.4,288
14.4,305
14.5,249
14.5,259
14.5,273
14.5,313
14.5,234
14.5,289
14.5,292
14.5,293
14.5,259
14.5,319
14.5,303
14.5,235
14.5,312
14.5,312
14.5,296
14.5,287
14.6,303
14.6,325
14.6,234
14.6,273
14.6,292
14.6,271
14.6,198
14.6,316
14.6,261
14.6,271
14.7,209
14.7,269
14.7,266
14.7,285
14.7,256
14.7,297
14.7,310
14.7,244
14.7,291
14.7,274
14.7,279
14.7,261
14.7,296
14.7,261
14.8,278
14.8,293
14.8,254
14.8,255
14.8,250
14.8,298
14.8,263
14.8,270
14.8,263
14.8,272
14.8,293
14.8,267
14.9,310
14.9,264
14.9,248
14.9,296
14.9,285
14.9,274
14.9,264
14.9,233
14.9,308
15.0,274
15.0,293
15.0,299
15.0,300
15.0,342
15.0,235
15.0,266
15.0,335
15.0,290
15.0,265
15.0,342
15.0,245
15.0,305
15.0,316
15.0,253
15.0,258
15.0,255
15.0,292
15.0,287
15.1,269
15.1,281
15.1,291
15.1,260
15.1,285
15.1,286
15.2,315
15.2,298
15.2,300
15.2,273
15.2,266
15.2,310
15.2,321
15.2,310
15.2,296
15.2,267
15.2,278
15.3,302
15.3,336
15.3,273
15.3,303
15.3,247
15.3,262
15.3,290
15.3,319
15.3,280
15.3,282
15.3,279
15.3,324
15.3,271
15.3,317
15.4,263
15.4,340
15.4,279
15.4,309
15.4,378
15.4,349
15.4,360
15.4,302
15.4,248
15.4,279
15.4,307
15.4,276
15.4,267
15.4,304
15.5,316
15.5,282
15.5,310
15.5,327
15.5,315
15.5,325
15.5,285
15.5,280
15.5,260
15.5,326
15.6,265
15.6,312
15.6,292
15.6,305
15.6,342
15.6,297
15.6,340
15.6,307
15.6,343
15.6,281
15.6,306
15.6,318
15.6,312
15.6,272
15.7,298
15.7,320
15.7,306
15.7,302
15.7,275
15.7,341
15.7,355
15.7,314
15.7,286
15.7,287
15.7,307
15.8,310
15.8,300
15.8,288
15.8,322
15.8,328
15.8,304
15.8,350
15.8,321
15.8,316
15.8,326
15.8,308
15.8,309
15.8,332
15.8,311
15.8,363
15.9,295
15.9,308
15.9,290
15.9,270
15.9,338
15.9,288
15.9,320
15.9,339
16.0,312
16.0,343
16.0,339
16.0,344
16.0,334
16.0,297
16.0,332
16.0,291
16.0,314
16.0,315
16.0,366
16.0,367
16.0,308
16.0,378
16.0,315
16.0,340
16.0,304
16.0,307
16.1,342
16.1,352
16.1,335
16.1,340
16.1,308
16.1,305
16.2,321
16.2,369
16.2,320
16.2,349
16.2,356
16.2,347
16.2,323
16.2,337
16.2,308
16.2,314
16.2,328
16.2,306
16.3,306
16.3,324
16.3,362
16.3,320
16.3,286
16.3,310
16.3,337
16.3,339
16.3,344
16.3,298
16.3,323
16.3,349
16.3,342
16.4,337
16.4,317
16.4,282
16.4,303
16.4,346
16.4,350
16.4,364
16.4,338
16.4,333
16.4,298
16.4,385
16.4,293
16.4,314
16.4,370
16.5,374
16.5,350
16.5,356
16.5,369
16.5,326
16.5,283
16.5,323
16.5,366
16.5,325
16.5,268
16.5,349
16.5,375
16.5,346
16.5,325
16.5,300
16.6,335
16.6,330
16.6,348
16.6,359
16.6,328
16.6,349
16.6,330
16.6,351
16.6,323
16.6,319
16.6,334
16.6,353
16.6,362
16.6,318
16.7,342
16.7,337
16.7,368
16.7,307
16.7,350
16.7,311
16.7,382
16.7,363
16.8,336
16.8,368
16.8,342
16.8,346
16.8,333
16.8,394
16.8,300
16.8,333
16.8,316
16.8,388
16.8,328
16.8,352
16.8,329
16.9,395
16.9,396
16.9,328
16.9,341
16.9,347
16.9,342
16.9,341
16.9,375
17.0,353
17.0,350
17.0,311
17.0,303
17.0,336
17.0,341
17.0,316
17.0,388
17.0,350
17.0,333
17.1,325
17.1,367
17.1,363
17.1,393
17.1,368
17.1,373
17.1,342
17.1,353
17.2,311
17.2,344
17.2,402
17.2,348
17.2,418
17.2,344
17.2,364
17.2,307
17.2,389
17.2,309
17.2,363
17.2,401
17.2,379
17.2,352
17.3,340
17.3,369
17.3,335
17.3,347
17.3,349
17.3,373
17.3,386
17.3,370
17.3,410
17.3,391
17.3,368
17.3,376
17.3,345
17.4,335
17.4,413
17.4,314
17.4,361
17.4,355
17.4,368
17.4,309
17.4,321
17.4,364
17.4,377
17.4,341
17.4,369
17.4,374
17.4,360
17.4,359
17.4,382
17.4,374
17.4,358
17.4,371
17.4,377
17.5,401
17.5,310
17.5,380
17.5,403
17.5,392
17.5,384
17.6,400
17.6,308
17.6,328
17.6,352
17.6,406
17.6,363
17.6,372
17.6,400
17.6,358
17.6,352
17.6,313
17.6,401
17.7,427
17.7,323
17.7,368
17.7,368
17.7,323
17.7,395
17.7,365
17.7,358
17.7,426
17.7,389
17.7,395
17.7,410
17.7,395
17.7,381
17.7,361
17.7,347
17.8,385
17.8,354
17.8,342
17.8,380
17.8,387
17.8,429
17.9,368
17.9,370
17.9,370
17.9,358
17.9,358
17.9,415
17.9,396
17.9,369
17.9,360
17.9,372
17.9,357
18.0,344
18.0,358
18.0,379
18.0,386
18.0,391
18.0,364
18.0,362
18.0,399
18.0,399
18.0,399
18.0,359
18.1,405
18.1,382
18.1,376
18.1,394
18.1,364
18.1,419
18.1,357
18.1,388
18.1,384
18.2,387
18.2,365
18.2,412
18.2,389
18.2,402
18.2,344
18.2,378
18.2,399
18.2,379
18.2,360
18.2,375
18.3,410
18.3,401
18.3,365
18.3,364
18.3,371
18.3,401
18.3,380
18.3,400
18.3,401
18.3,392
18.3,412
18.4,406
18.4,380
18.4,389
18.4,408
18.4,349
18.4,414
18.4,332
18.4,348
18.4,435
18.4,390
18.4,443
18.4,412
18.4,413
18.4,416
18.4,411
18.4,428
18.4,418
18.4,410
18.5,381
18.5,404
18.5,413
18.5,381
18.5,382
18.6,462
18.6,418
18.6,426
18.6,406
18.6,419
18.6,369
18.6,368
18.6,454
18.6,395
18.6,413
18.6,399
18.6,434
18.6,366
18.6,385
18.6,369
18.6,434
18.6,438
18.6,382
18.7,401
18.7,434
18.7,363
18.7,405
18.7,418
18.7,387
18.7,392
18.7,380
18.7,414
18.7,356
18.8,421
18.8,432
18.8,391
18.8,442
18.8,420
18.8,426
18.8,391
18.8,416
18.8,474
18.8,411
18.8,436
18.9,337
18.9,420
18.9,452
18.9,397
18.9,395
18.9,370
18.9,372
18.9,414
18.9,411
18.9,411
18.9,428
18.9,409
18.9,386
18.9,404
19.0,412
19.0,487
19.0,420
19.0,355
19.0,411
19.0,463
19.1,432
19.1,438
19.1,400
19.1,405
19.1,387
19.1,396
19.1,394
19.1,443
19.1,412
19.1,426
19.1,445
19.1,401
19.1,402
19.2,404
19.2,383
19.2,433
19.2,408
19.2,446
19.2,393
19.2,420
19.2,434
19.2,413
19.2,391
19.2,435
19.2,400
19.2,468
19.2,409
19.3,408
19.3,403
19.3,444
19.3,464
19.3,442
19.3,425
19.3,404
19.3,408
19.3,454
19.3,427
19.3,441
19.3,401
19.3,437
19.3,382
19.3,431
19.3,436
19.4,430
19.4,477
19.4,412
19.4,453
19.4,449
19.4,477
19.4,414
19.4,438
19.4,441
19.4,431
19.4,363
19.4,448
19.4,469
19.4,439
19.4,450
19.5,439
19.5,432
19.5,427
19.5,436
19.5,413
19.5,401
19.5,385
19.5,388
19.5,434
19.5,404
19.5,457
19.5,381
19.6,437
19.6,399
19.6,447
19.6,409
19.6,464
19.6,458
19.6,467
19.6,439
19.6,445
19.6,429
19.6,418
19.6,428
19.7,422
19.7,434
19.7,439
19.7,449
19.7,428
19.7,434
19.7,455
19.7,396
19.7,454
19.7,462
19.7,476
19.7,390
19.7,432
19.8,453
19.8,441
19.8,491
19.8,393
19.8,449
19.8,438
19.8,439
19.8,450
19.8,473
19.8,465
19.8,446
19.8,412
19.9,446
19.9,455
19.9,405
19.9,408
19.9,423
19.9,462
19.9,443
19.9,433
19.9,408
19.9,419
19.9,417
19.9,417
20.0,396
20.0,454
20.0,482
20.0,440
20.0,445
20.1,475
20.1,485
20.1,426
20.1,450
20.1,490
20.1,444
20.1,496
20.1,493
20.1,483
20.1,460
20.1,444
20.1,421
20.2,469
20.2,482
20.2,504
20.2,417
20.2,470
20.2,441
20.2,433
20.2,485
20.2,440
20.2,415
20.2,483
20.2,504
20.2,483
20.2,429
20.2,485
20.2,455
20.2,443
20.2,471
20.3,488
20.3,440
20.3,445
20.3,450
20.3,472
20.3,439
20.3,455
20.3,472
20.3,473
20.3,410
20.3,458
20.3,531
20.3,467
20.4,525
20.4,454
20.4,482
20.4,442
20.4,498
20.4,439
20.4,463
20.4,464
20.4,472
20.4,477
20.4,460
20.4,442
20.4,464
20.4,500
20.5,425
20.5,471
20.5,413
20.5,470
20.5,470
20.5,433
20.5,454
20.5,476
20.5,511
20.5,441
20.5,451
20.5,450
20.5,451
20.5,484
20.5,464
20.5,431
20.5,464
20.5,483
20.6,457
20.6,464
20.6,495
20.6,491
20.6,460
20.6,489
20.6,476
20.6,450
20.6,454
20.6,458
20.6,469
20.6,488
20.6,515
20.7,435
20.7,496
20.7,436
20.7,440
20.7,520
20.7,458
20.7,455
20.7,511
20.7,466
20.7,476
20.8,463
20.8,490
20.8,408
20.8,440
20.8,512
20.8,484
20.8,512
20.8,477
20.8,515
20.8,485
20.8,513
20.8,474
20.9,457
20.9,500
20.9,488
20.9,453
20.9,476
20.9,496
20.9,441
20.9,458
20.9,462
20.9,403
20.9,496
21.0,501
21.0,464
21.0,492
21.0,475
21.0,490
21.0,493
21.0,506
21.0,457
21.0,459
21.0,447
21.0,460
21.0,476
21.0,489
21.0,464
21.0,478
21.0,479
21.1,482
21.1,439
21.1,492
21.1,467
21.1,537
21.1,462
21.1,472
21.1,474
21.1,474
21.1,504
21.1,481
21.2,477
21.2,498
21.2,514
21.2,450
21.2,499
21.2,501
21.2,479
21.2,520
21.3,492
21.3,474
21.3,433
21.3,463
21.3,520
21.3,527
21.3,495
21.3,482
21.3,547
21.3,466
21.3,474
21.4,486
21.4,470
21.4,540
21.4,511
21.4,484
21.4,473
21.4,466
21.4,509
21.4,495
21.4,486
21.4,522
21.4,517
21.5,484
21.5,534
21.5,503
21.5,442
21.5,480
21.5,505
21.5,534
21.5,512
21.5,471
21.5,511
21.5,469
21.6,514
21.6,510
21.6,502
21.6,542
21.6,556
21.6,500
21.6,471
21.6,526
21.6,465
21.6,547
21.6,531
21.7,473
21.7,523
21.7,506
21.7,512
21.7,475
21.7,485
21.7,509
21.7,501
21.8,501
21.8,509
21.8,499
21.8,514
21.8,506
21.8,541
21.8,482
21.8,525
21.8,518
21.8,510
21.8,499
21.8,511
21.8,514
21.8,520
21.8,456
21.8,485
21.9,511
21.9,471
21.9,512
21.9,505
21.9,433
21.9,544
21.9,569
21.9,538
21.9,544
21.9,553
21.9,500
21.9,507
21.9,565
21.9,495
21.9,475
21.9,507
22.0,522
22.0,516
22.0,525
22.0,526
22.0,515
22.0,486
22.0,515
22.0,516
22.1,493
22.1,495
22.1,522
22.1,528
22.1,549
22.1,512
22.1,508
22.1,452
22.1,529
22.1,553
22.2,493
22.2,484
22.2,500
22.2,497
22.2,566
22.2,515
22.2,505
22.2,538
22.2,522
22.3,565
22.3,534
22.3,502
22.3,513
22.3,501
22.3,507
22.3,484
22.3,514
22.3,534
22.3,535
22.3,492
22.3,503
22.3,503
22.4,524
22.4,542
22.4,486
22.4,548
22.4,522
22.4,534
22.4,512
22.4,494
22.4,480
22.4,575
22.4,551
22.4,563
22.4,522
22.4,518
22.4,526
22.4,485
22.5,567
22.5,534
22.5,552
22.5,521
22.5,538
22.5,490
22.5,507
22.5,513
22.5,499
22.5,542
22.5,560
22.5,534
22.5,509
22.5,558
22.5,567
22.5,521
22.5,480
22.6,554
22.6,500
22.6,522
22.6,563
22.6,528
22.6,535
22.6,526
22.6,557
22.6,564
22.6,505
22.6,515
22.7,494
22.7,534
22.7,535
22.7,550
22.7,509
22.7,564
22.7,590
22.7,535
22.7,514
22.7,526
22.7,573
22.7,507
22.7,522
22.8,516
22.8,533
22.8,535
22.8,509
22.8,561
22.8,536
22.8,524
22.9,578
22.9,517
22.9,572
22.9,550
22.9,549
22.9,534
22.9,564
22.9,593
22.9,553
22.9,548
22.9,538
23.0,532
23.0,498
23.0,507
23.0,523
23.0,575
23.0,536
23.0,513
23.0,511
23.0,569
23.0,515
23.0,508
23.0,547
23.0,578
23.0,571
23.0,533
23.1,544
23.1,551
23.1,554
23.1,481
23.1,518
23.1,512
23.1,573
23.1,547
23.1,573
23.1,562
23.1,539
23.1,574
23.1,538
23.1,517
23.1,520
23.1,534
23.2,542
23.2,508
23.2,570
23.2,525
23.2,557
23.2,565
23.2,567
23.2,568
23.2,579
23.2,617
23.2,491
23.2,543
23.2,562
23.3,526
23.3,562
23.3,536
23.3,527
23.3,585
23.3,554
23.3,546
23.3,592
23.3,551
23.3,592
23.3,582
23.3,572
23.3,494
23.4,531
23.4,576
23.4,540
23.4,539
23.4,566
23.4,569
23.4,548
23.5,559
23.5,624
23.5,562
23.5,570
23.5,555
23.5,575
23.5,578
23.5,535
23.5,541
23.5,566
23.5,571
23.5,547
23.5,592
23.5,545
23.5,554
23.5,595
23.5,558
23.5,574
23.6,548
23.6,582
23.6,626
23.6,575
23.6,590
23.6,519
23.6,546
23.6,534
23.6,558
23.6,556
23.6,529
23.6,574
23.6,608
23.6,546
23.6,619
23.6,545
23.6,545
23.7,571
23.7,554
23.7,594
23.7,571
23.7,560
23.7,624
23.7,588
23.8,600
23.8,568
23.8,587
23.8,588
23.8,598
23.8,611
23.8,561
23.8,538
23.8,580
23.8,558
23.8,598
23.8,600
23.8,541
23.8,587
23.8,593
23.8,576
23.8,505
23.8,565
23.8,583
23.9,527
23.9,554
23.9,558
23.9,558
23.9,583
23.9,565
23.9,597
23.9,565
23.9,572
23.9,570
23.9,555
24.0,566
24.0,541
24.0,583
24.0,592
24.0,592
24.0,598
24.0,577
24.0,582
24.0,546
24.0,604
24.0,550
24.0,548
24.1,546
24.1,571
24.1,583
24.1,585
24.1,602
24.1,588
24.1,554
24.1,557
24.1,579
24.1,596
24.1,607
24.1,610
24.1,567
24.2,603
24.2,585
24.2,600
24.2,574
24.2,591
24.2,596
24.2,599
24.2,540
24.2,633
24.2,564
24.2,588
24.2,591
24.2,585
24.2,541
24.3,565
24.3,562
24.3,564
24.3,580
24.3,572
24.3,617
24.3,559
24.3,580
24.3,609
24.3,595
24.3,609
24.3,556
24.4,609
24.4,559
24.4,605
24.4,569
24.4,549
24.4,572
24.4,589
24.4,584
24.4,630
24.4,646
24.4,625
24.4,575
24.4,605
24.4,583
24.4,597
24.4,584
24.4,581
24.4,577
24.4,577
24.4,584
24.5,578
24.5,601
24.5,561
24.5,611
24.5,574
24.5,627
24.5,574
24.5,551
24.5,589
24.5,591
24.5,620
24.5,572
24.5,602
24.6,556
24.6,539
24.6,593
24.6,610
24.6,600
24.6,581
24.6,628
24.6,607
24.6,629
24.6,579
24.6,606
24.6,604
24.7,581
24.7,570
24.7,640
24.7,596
24.7,574
24.7,586
24.7,600
24.7,534
24.7,590
24.7,595
24.7,558
24.7,630
24.7,597
24.8,588
24.8,620
24.8,621
24.8,618
24.8,570
24.8,620
24.8,567
24.8,646
24.8,662
24.8,601
24.9,619
24.9,579
24.9,586
24.9,610
24.9,562
24.9,608
24.9,576
24.9,618
25.0,627
25.0,576
25.0,641
25.0,590
25.0,602
25.0,644
25.0,590
25.0,586
25.0,628
25.1,619
25.1,634
25.1,620
25.1,629
25.1,540
25.1,636
25.1,609
25.1,586
25.2,608
25.2,618
25.2,632
25.2,663
25.2,600
25.2,642
25.2,584
25.2,596
25.2,595
25.2,645
25.2,665
25.3,630
25.3,612
25.3,660
25.3,668
25.3,589
25.3,658
25.3,621
25.3,624
25.3,640
25.3,602
25.4,654
25.4,607
25.4,607
25.4,609
25.4,573
25.4,604
25.4,605
25.4,571
25.4,650
25.4,645
25.4,607
25.4,670
25.4,668
25.4,636
25.5,605
25.5,640
25.5,604
25.5,647
25.5,613
25.5,608
25.5,632
25.5,616
25.5,628
25.5,675
25.5,587
25.5,606
25.5,608
25.5,615
25.6,667
25.6,600
25.6,634
25.6,656
25.6,611
25.6,639
25.6,650
25.6,643
25.6,641
25.6,658
25.6,609
25.6,637
25.6,613
25.7,636
25.7,654
25.7,619
25.7,661
25.7,633
25.7,628
25.7,609
25.7,650
25.7,590
25.7,637
25.7,643
25.7,634
25.7,644
25.8,595
25.8,644
25.8,640
25.8,640
25.8,657
25.8,640
25.8,667
25.8,608
25.8,620
25.8,631
25.8,657
25.8,625
25.8,650
25.8,675
25.8,599
25.8,641
25.8,626
25.8,616
25.8,627
25.8,617
25.9,608
25.9,622
25.9,627
25.9,613
25.9,668
25.9,628
25.9,665
25.9,591
25.9,605
25.9,650
25.9,660
25.9,643
26.0,651
26.0,677
26.0,658
26.0,625
26.0,621
26.0,623
26.0,652
26.0,633
26.0,631
26.0,641
26.1,613
26.1,670
26.1,629
26.1,682
26.1,690
26.1,647
26.1,682
26.1,640
26.1,675
26.1,625
26.1,622
26.2,737
26.2,639
26.2,676
26.2,608
26.2,653
26.2,627
26.2,677
26.2,616
26.2,657
26.2,673
26.2,665
26.2,614
26.2,734
26.2,631
26.3,647
26.3,661
26.3,682
26.3,610
26.3,661
26.3,663
26.3,638
26.3,640
26.3,667
26.3,640
26.3,657
26.4,653
26.4,625
26.4,665
26.4,648
26.4,649
26.4,632
26.4,678
26.4,647
26.4,658
26.4,671
26.4,659
26.5,675
26.5,692
26.5,681
26.5,663
26.5,694
26.5,630
26.5,621
26.5,719
26.5,664
26.5,670
26.5,647
26.5,656
26.6,694
26.6,675
26.6,666
26.6,640
26.6,668
26.6,679
26.6,641
26.6,672
26.6,675
26.6,638
26.6,632
26.7,670
26.7,658
26.7,676
26.7,662
26.7,669
26.7,660
26.7,621
26.7,672
26.7,667
26.7,665
26.7,713
26.7,696
26.7,618
26.7,675
26.7,689
26.8,649
26.8,663
26.8,637
26.8,638
26.8,654
26.8,701
26.9,687
26.9,674
26.9,677
26.9,638
26.9,681
26.9,689
26.9,662
26.9,669
26.9,628
26.9,694
26.9,640
26.9,703
26.9,654
26.9,647
27.0,677
27.0,686
27.0,634
27.0,701
27.0,617
27.0,617
27.0,686
27.0,667
27.0,610
27.0,654
27.0,645
27.1,706
27.1,667
27.1,655
27.1,659
27.1,696
27.1,679
27.1,717
27.1,682
27.1,632
27.2,678
27.2,762
27.2,687
27.2,696
27.2,675
27.2,678
27.2,662
27.2,647
27.2,694
27.2,707
27.2,718
27.2,675
27.2,667
27.2,710
27.2,676
27.2,679
27.3,713
27.3,702
27.3,713
27.3,670
27.3,702
27.3,702
27.3,668
27.3,689
27.3,679
27.3,655
27.3,699
27.4,660
27.4,659
27.4,685
27.4,670
27.4,653
27.4,646
27.4,697
27.4,697
27.4,650
27.5,735
27.5,697
27.5,678
27.5,681
27.5,699
27.5,691
27.5,670
27.5,709
27.5,676
27.5,708
27.5,688
27.5,667
27.5,689
27.6,668
27.6,699
27.6,688
27.6,660
27.6,736
27.6,689
27.6,686
27.6,688
27.6,709
27.6,741
27.6,702
27.6,651
27.6,690
27.6,727
27.6,708
27.6,685
27.7,719
27.7,715
27.7,695
27.7,733
27.7,687
27.7,729
27.7,682
27.7,721
27.7,676
27.7,712
27.8,682
27.8,698
27.8,708
27.8,740
27.8,730
27.8,680
27.8,702
27.8,724
27.8,719
27.8,715
27.8,714
27.8,698
27.8,729
27.8,675
27.8,720
27.8,731
27.8,739
27.8,711
27.9,727
27.9,680
27.9,650
27.9,681
27.9,696
27.9,701
27.9,690
27.9,696
27.9,683
27.9,699
27.9,678
27.9,654
27.9,726
27.9,727
27.9,729
27.9,730
27.9,677
27.9,730
27.9,704
28.0,738
28.0,702
28.0,714
28.0,715
28.0,672
28.0,734
28.0,678
28.0,725
28.0,716
28.0,714
28.0,672
28.0,691
28.0,735
28.0,693
28.1,705
28.1,698
28.1,720
28.1,689
28.1,668
28.1,699
28.1,692
28.1,711
28.1,676
28.1,654
28.1,732
28.1,720
28.2,732
28.2,742
28.2,707
28.2,694
28.2,760
28.2,688
28.2,721
28.2,751
28.3,742
28.3,692
28.3,689
28.3,733
28.3,690
28.3,714
28.3,744
28.3,712
28.3,744
28.3,682
28.3,732
28.3,733
28.3,708
28.4,669
28.4,765
28.4,722
28.4,746
28.4,698
28.4,751
28.5,701
28.5,768
28.5,720
28.5,767
28.5,708
28.5,693
28.5,689
28.5,697
28.6,760
28.6,731
28.6,739
28.6,748
28.6,733
28.6,679
28.6,742
28.6,698
28.6,700
28.6,741
28.6,703
28.6,707
28.6,751
28.7,755
28.7,726
28.7,801
28.7,700
28.7,729
28.7,747
28.7,718
28.7,697
28.7,717
28.7,741
28.7,708
28.7,702
28.8,749
28.8,732
28.8,728
28.8,724
28.8,739
28.8,738
28.8,705
28.8,765
28.8,749
28.8,715
28.8,756
28.9,696
28.9,731
28.9,713
28.9,740
28.9,733
28.9,773
28.9,738
28.9,754
28.9,712
28.9,732
28.9,773
28.9,716
28.9,738
28.9,735
28.9,758
29.0,737
29.0,737
29.0,748
29.0,769
29.0,717
29.0,754
29.0,755
29.0,766
29.0,794
29.0,784
29.0,753
29.0,730
29.0,735
29.0,765
29.0,704
29.1,723
29.1,722
29.1,783
29.1,731
29.1,736
29.1,716
29.1,725
29.1,766
29.1,762
29.1,753
29.2,714
29.2,743
29.2,742
29.2,775
29.2,735
29.2,773
29.2,726
29.2,755
29.2,703
29.2,765
29.2,772
29.2,772
29.2,762
29.2,739
29.2,756
29.2,757
29.2,747
29.2,757
29.3,740
29.3,759
29.3,727
29.3,753
29.3,763
29.3,743
29.3,774
29.3,729
29.3,757
29.3,774
29.3,733
29.3,747
29.3,779
29.3,763
29.4,742
29.4,784
29.4,772
29.5,759
29.5,764
29.5,708
29.5,784
29.5,763
29.5,756
29.5,774
29.5,750
29.5,712
29.5,792
29.5,786
29.5,791
29.5,786
29.5,747
29.6,780
29.6,773
29.6,750
29.6,735
29.7,752
29.7,765
29.7,767
29.7,768
29.7,714
29.7,771
29.7,779
29.7,777
29.7,768
29.7,804
29.7,806
29.7,730
29.7,778
29.7,746
29.7,718
29.7,758
29.7,760
29.8,737
29.8,764
29.8,712
29.8,789
29.8,787
29.8,763
29.8,747
29.8,791
29.8,721
29.8,761
29.8,771
29.8,738
29.8,763
29.8,766
29.8,737
29.8,703
29.8,786
29.9,785
29.9,742
29.9,809
29.9,750
29.9,762
29.9,784
29.9,781
29.9,784
29.9,736
29.9,757
29.9,718
29.9,754
29.9,756
29.9,740
29.9,761
30.0,840
30.0,759
30.0,774
30.0,818
30.0,749
30.0,785
30.0,772
30.0,780
30.0,810
30.0,752
30.0,739
30.0,796
30.1,759
30.1,784
30.1,754
30.1,712
30.1,764
30.1,759
30.1,778
30.1,781
30.1,771
30.1,756
30.1,759
30.1,771
30.1,772
30.1,794
30.1,754
30.1,808
30.2,769
30.2,755
30.2,765
30.2,737
30.2,796
30.2,776
30.2,787
30.2,751
30.2,811
30.2,772
30.2,782
30.2,740
30.2,774
30.2,815
30.3,775
30.3,774
30.3,806
30.3,781
30.3,830
30.3,795
30.3,760
30.3,778
30.3,784
30.3,798
30.3,784
30.3,773
30.3,791
30.4,804
30.4,734
30.4,787
30.4,809
30.4,770
30.4,805
30.4,746
30.4,791
30.4,786
30.4,785
30.4,807
30.4,761
30.4,810
30.4,788
30.4,768
30.4,772
30.4,848
30.4,828
30.5,793
30.5,809
30.5,799
30.5,725
30.5,794
30.5,742
30.5,758
30.5,743
30.5,811
30.5,818
30.5,765
30.5,779
30.5,802
30.5,806
30.6,835
30.6,780
30.6,762
30.6,815
30.6,773
30.6,760
30.6,807
30.6,817
30.6,823
30.6,760
30.6,814
30.6,766
30.6,820
30.6,764
30.6,763
30.7,771
30.7,806
30.7,771
30.7,784
30.7,809
30.7,821
30.7,847
30.7,791
30.7,819
30.7,766
30.7,801
30.7,770
30.8,787
30.8,828
30.8,794
30.8,776
30.8,797
30.8,815
30.8,806
30.9,813
30.9,775
30.9,802
30.9,810
30.9,807
30.9,801
31.0,760
31.0,763
31.0,822
31.0,769
31.0,842
31.0,824
31.0,777
31.0,830
31.0,849
31.0,831
31.0,818
31.0,757
31.0,729
31.0,825
31.0,830
31.0,788
31.0,757
31.1,825
31.1,775
31.1,802
31.1,782
31.1,806
31.1,831
31.1,812
31.1,817
31.1,803
31.1,812
31.1,778
31.1,841
31.1,830
31.1,856
31.1,803
31.1,796
31.1,806
31.1,861
31.1,786
31.1,796
31.1,772
31.1,800
31.2,771
31.2,816
31.2,847
31.2,809
31.2,814
31.2,783
31.2,825
31.2,803
31.2,819
31.2,862
31.2,817
31.3,815
31.3,840
31.3,855
31.3,783
31.3,747
31.3,804
31.3,777
31.3,797
31.3,804
31.3,801
31.3,866
31.3,818
31.3,835
31.4,804
31.4,838
31.4,858
31.4,796
31.4,817
31.4,820
31.4,811
31.4,796
31.4,782
31.5,809
31.5,800
31.5,834
31.5,783
31.5,774
31.5,791
31.5,777
31.6,833
31.6,853
31.6,831
31.6,836
31.6,826
31.6,819
31.6,878
31.6,811
31.6,837
31.6,848
31.6,834
31.6,833
31.6,871
31.6,867
31.6,802
31.6,856
31.6,826
31.6,837
31.6,795
31.6,802
31.6,838
31.6,830
31.7,839
31.7,870
31.7,880
31.7,818
31.7,767
31.7,833
31.7,806
31.7,779
31.7,844
31.7,825
31.7,861
31.8,815
31.8,836
31.8,861
31.8,847
31.8,850
31.8,813
31.8,817
31.8,837
31.8,823
31.8,826
31.8,856
31.8,861
31.8,845
31.9,808
31.9,848
31.9,807
31.9,879
31.9,841
31.9,868
31.9,825
32.0,820
32.0,869
32.0,830
32.0,814
32.0,833
32.0,855
32.0,793
32.0,841
32.0,851
32.0,823
32.0,829
32.1,848
32.1,848
32.1,803
32.1,817
32.1,827
32.1,818
32.1,887
32.1,847
32.1,817
32.1,848
32.1,865
32.1,853
32.1,823
32.1,851
32.2,831
32.2,853
32.2,892
32.2,807
32.2,823
32.2,845
32.2,860
32.2,863
32.2,837
32.2,866
32.2,835
32.2,833
32.2,886
32.2,825
32.3,845
32.3,864
32.3,863
32.3,871
32.3,855
32.3,842
32.3,849
32.3,871
32.3,843
32.3,791
32.3,817
32.3,817
32.3,853
32.3,847
32.3,882
32.4,861
32.4,866
32.4,869
32.4,892
32.4,861
32.4,847
32.4,855
32.4,853
32.4,878
32.4,829
32.4,848
32.4,823
32.4,892
32.4,833
32.4,870
32.4,858
32.4,870
32.4,855
32.4,843
32.5,849
32.5,858
32.5,834
32.5,850
32.5,873
32.5,810
32.5,899
32.5,861
32.5,827
32.5,816
32.5,869
32.5,788
32.5,869
32.5,888
32.6,848
32.6,891
32.6,842
32.6,865
32.6,843
32.6,824
32.6,882
32.6,867
32.6,838
32.6,843
32.6,899
32.7,878
32.7,883
32.7,822
32.7,837
32.7,859
32.7,869
32.7,824
32.7,889
32.7,852
32.7,844
32.7,891
32.7,832
32.7,864
32.7,892
32.7,871
32.8,890
32.8,847
32.8,882
32.8,887
32.8,833
32.8,821
32.8,839
32.8,836
32.8,871
32.8,868
32.8,895
32.8,906
32.8,876
32.9,863
32.9,833
32.9,895
32.9,863
32.9,887
32.9,865
32.9,871
32.9,906
32.9,845
32.9,852
32.9,873
32.9,888
32.9,857
32.9,854
32.9,861
32.9,913
32.9,907
33.0,871
33.0,845
33.0,852
33.0,865
33.0,840
33.0,893
33.0,857
33.0,841
33.0,895
33.0,883
33.0,921
33.1,914
33.1,876
33.1,872
33.1,863
33.1,904
33.1,847
33.1,881
33.1,861
33.1,851
33.1,867
33.2,886
33.2,887
33.2,922
33.2,896
33.2,919
33.2,882
33.2,890
33.2,864
33.2,841
33.2,853
33.3,880
33.3,853
33.3,916
33.3,903
33.3,845
33.3,876
33.3,900
33.3,892
33.3,855
33.3,844
33.4,885
33.4,870
33.4,879
33.4,875
33.4,890
33.4,877
33.4,861
33.4,903
33.4,841
33.4,910
33.4,878
33.4,856
33.4,885
33.4,866
33.4,889
33.4,872
33.4,881
33.4,942
33.4,878
33.5,863
33.5,921
33.5,929
33.5,852
33.5,881
33.5,874
33.5,860
33.5,899
33.6,875
33.6,899
33.6,923
33.6,899
33.6,887
33.6,881
33.6,874
33.6,872
33.7,929
33.7,901
33.7,865
33.7,918
33.7,930
33.7,916
33.7,880
33.7,903
33.7,941
33.7,915
33.7,857
33.8,911
33.8,911
33.8,941
33.8,916
33.8,909
33.8,901
33.8,912
33.8,897
33.9,898
33.9,863
33.9,877
33.9,901
33.9,884
33.9,888
33.9,914
33.9,926
33.9,922
33.9,868
33.9,898
33.9,876
33.9,899
33.9,887
34.0,889
34.0,883
34.0,858
34.0,917
34.0,978
34.0,919
34.0,916
34.0,896
34.0,866
34.0,891
34.1,906
34.1,886
34.1,926
34.1,973
34.1,893
34.1,904
34.1,912
34.1,920
34.1,895
34.1,913
34.1,907
34.2,909
34.2,938
34.2,919
34.2,943
34.2,864
34.2,883
34.2,898
34.2,918
34.2,899
34.2,867
34.2,894
34.3,928
34.3,960
34.3,898
34.3,880
34.3,921
34.3,915
34.3,916
34.4,959
34.4,924
34.4,883
34.4,931
34.4,908
34.4,917
34.4,904
34.4,882
34.4,893
34.4,911
34.4,926
34.4,926
34.4,898
34.4,935
34.5,968
34.5,893
34.5,931
34.5,923
34.5,931
34.5,920
34.5,933
34.5,905
34.5,939
34.5,906
34.5,909
34.5,877
34.5,913
34.5,892
34.5,841
34.5,944
34.6,906
34.6,930
34.6,938
34.6,902
34.6,912
34.6,907
34.6,889
34.6,973
34.6,940
34.6,933
34.6,908
34.6,915
34.6,940
34.6,903
34.7,917
34.7,921
34.7,960
34.7,908
34.7,943
34.7,919
34.7,947
34.7,908
34.7,931
34.7,934
34.7,938
34.8,955
34.8,975
34.8,915
34.8,866
34.8,921
34.8,899
34.8,960
34.8,1015
34.8,952
34.8,964
34.8,906
34.8,939
34.8,919
34.8,952
34.8,971
34.8,915
34.9,972
34.9,939
34.9,913
34.9,945
34.9,932
34.9,934
34.9,903
34.9,920
35.0,899
35.0,982
35.0,919
35.0,925
35.0,978
35.0,906
35.0,914
35.0,943
35.0,891
35.0,929
35.0,957
35.0,940
35.0,921
35.1,975
35.1,963
35.1,916
35.1,936
35.1,916
35.1,924
35.1,962
35.1,909
35.1,946
35.1,940
35.1,915
35.1,931
35.1,946
35.1,953
35.1,974
35.1,947
35.2,967
35.2,913
35.2,928
35.2,920
35.2,938
35.2,922
35.2,987
35.2,962
35.2,948
35.2,971
35.2,940
35.3,978
35.3,960
35.3,948
35.3,948
35.3,901
35.3,964
35.3,941
35.3,939
35.3,943
35.3,927
35.3,948
35.3,954
35.3,939
35.4,963
35.4,965
35.4,913
35.4,930
35.4,953
35.4,926
35.4,970
35.4,969
35.4,943
35.4,952
35.4,923
35.4,900
35.5,941
35.5,944
35.5,1013
35.5,1022
35.5,967
35.5,942
35.5,970
35.5,956
35.5,907
35.5,977
35.5,928
35.5,951
35.5,982
35.5,941
35.6,925
35.6,936
35.6,990
35.6,995
35.6,946
35.6,968
35.6,928
35.6,941
35.6,940
35.6,955
35.6,924
35.7,980
35.7,970
35.7,943
35.7,981
35.7,935
35.7,966
35.7,923
35.7,953
35.7,977
35.7,979
35.7,952
35.8,986
35.8,976
35.8,957
35.8,952
35.8,952
35.8,1009
35.8,984
35.8,964
35.8,986
35.8,971
35.8,971
35.8,958
35.8,950
35.8,919
35.9,958
35.9,962
35.9,950
35.9,981
35.9,989
35.9,971
35.9,1019
36.0,957
36.0,950
36.0,964
36.0,998
36.0,947
36.0,958
36.0,960
36.0,992
36.0,992
36.0,996
36.0,896
36.0,974
36.0,987
36.0,963
36.0,951
36.1,932
36.1,981
36.1,971
36.1,958
36.1,996
36.1,982
36.1,963
36.1,992
36.1,940
36.1,991
36.1,982
36.1,996
36.1,962
36.1,948
36.1,968
36.1,949
36.2,1026
36.2,997
36.2,1001
36.2,979
36.2,968
36.2,981
36.2,941
36.2,1015
36.2,977
36.2,1003
36.2,962
36.2,974
36.2,964
36.3,1025
36.3,981
36.3,990
36.3,982
36.3,985
36.3,952
36.3,978
36.4,981
36.4,981
36.4,1052
36.4,973
36.4,970
36.4,974
36.4,965
36.4,947
36.4,989
36.4,950
36.4,983
36.5,979
36.5,1011
36.5,988
36.5,951
36.5,1019
36.5,969
36.5,973
36.5,982
36.5,973
36.5,986
36.5,988
36.5,999
36.5,941
36.5,952
36.5,998
36.5,954
36.5,996
36.5,956
36.6,954
36.6,968
36.6,984
36.6,981
36.6,987
36.6,998
36.6,965
36.6,1004
36.6,999
36.6,966
36.6,976
36.6,958
36.7,1001
36.7,996
36.7,940
36.7,1044
36.7,936
36.7,978
36.7,1008
36.7,978
36.8,975
36.8,989
36.8,963
36.8,960
36.8,1017
36.8,971
36.8,1026
36.8,1024
36.8,1018
36.8,1011
36.8,989
36.9,1009
36.9,992
36.9,1027
36.9,974
36.9,1018
36.9,1015
36.9,1025
37.0,985
37.0,1011
37.0,980
37.0,1004
37.0,992
37.0,993
37.0,1010
37.0,999
37.0,1001
37.0,1038
37.0,1026
37.0,1021
37.0,1030
37.0,993
37.0,1018
37.0,1000
37.0,1010
37.1,1003
37.1,983
37.1,985
37.1,997
37.1,1027
37.1,1037
37.1,956
37.1,1031
37.1,1018
37.1,992
37.1,1000
37.1,1038
37.1,985
37.1,1035
37.1,981
37.1,998
37.1,1019
37.2,1028
37.2,1016
37.2,1010
37.2,970
37.2,1032
37.2,995
37.2,996
37.3,1004
37.3,1007
37.3,1034
37.3,1008
37.3,979
37.3,1021
37.3,1047
37.3,994
37.3,990
37.3,1005
37.3,1026
37.3,995
37.3,1029
37.4,1045
37.4,1060
37.4,995
37.4,1054
37.4,1013
37.4,1016
37.4,999
37.4,1025
37.4,970
37.4,994
37.4,991
37.5,967
37.5,1048
37.5,999
37.5,1024
37.5,964
37.5,1016
37.5,1032
37.5,1026
37.5,1056
37.5,1043
37.5,998
37.5,1026
37.5,991
37.5,1006
37.5,983
37.5,1020
37.5,1028
37.5,1029
37.5,1043
37.5,1025
37.6,999
37.6,1043
37.6,1014
37.6,1043
37.6,981
37.6,1034
37.6,1009
37.6,1071
37.7,1041
37.7,997
37.7,1050
37.7,1031
37.7,1014
37.7,981
37.7,1041
37.7,1001
37.7,1007
37.7,1067
37.7,1054
37.7,1087
37.7,1006
37.7,1011
37.8,987
37.8,1036
37.8,1033
37.8,1049
37.8,1069
37.8,1045
37.8,1053
37.8,1015
37.8,1029
37.8,998
37.8,1041
37.8,976
37.8,991
37.8,1027
37.8,1026
37.8,1050
37.8,1042
37.8,1018
37.8,1032
37.9,1031
37.9,1013
37.9,1002
37.9,1031
37.9,1019
37.9,1047
37.9,1007
37.9,1030
37.9,1020
37.9,1021
37.9,1018
37.9,1010
37.9,1036
37.9,1045
38.0,1036
38.0,1041
38.0,1021
38.0,1013
38.0,1028
38.0,1066
38.0,1060
38.0,1032
38.0,1025
38.0,1073
38.0,1091
38.0,1014
38.0,1018
38.1,1090
38.1,1057
38.1,1028
38.1,1029
38.1,1027
38.1,1021
38.1,1046
38.1,1043
38.1,1039
38.1,1084
38.1,1056
38.1,1012
38.1,1033
38.1,1039
38.1,1064
38.1,996
38.1,1034
38.1,1043
38.2,1090
38.2,1033
38.2,1048
38.2,1032
38.2,1073
38.2,1021
38.2,1048
38.2,1003
38.2,1042
38.2,1082
38.2,1015
38.2,1029
38.2,1095
38.2,1045
38.2,1022
38.3,1074
38.3,1022
38.3,1056
38.3,1030
38.3,1039
38.3,1066
38.3,1011
38.3,1045
38.3,1031
38.3,1024
38.3,1032
38.3,1034
38.3,1040
38.4,1052
38.4,1037
38.4,1074
38.4,1027
38.4,979
38.4,1025
38.4,1021
38.4,1008
38.4,1018
38.4,1033
38.4,1001
38.4,1091
38.4,1024
38.4,1078
38.4,994
38.4,1060
38.4,1034
38.4,1037
38.5,1040
38.5,1043
38.5,1030
38.5,1035
38.5,1082
38.5,1041
38.5,1060
38.5,1028
38.5,1060
38.5,1055
38.5,1084
38.6,1032
38.6,1038
38.6,1070
38.6,1060
38.6,989
38.6,1074
38.6,1036
38.6,1048
38.6,1070
38.6,1064
38.6,1071
38.6,1019
38.6,1062
38.6,1043
38.6,1030
38.6,1030
38.6,1059
38.6,1037
38.6,1072
38.6,1053
38.6,1043
38.6,1049
38.6,1055
38.7,1063
38.7,1062
38.7,1044
38.7,1091
38.7,1059
38.7,1108
38.7,1080
38.7,1051
38.7,1101
38.7,1002
38.7,1059
38.7,1074
38.7,1006
38.7,1129
38.7,1080
38.7,1039
38.7,1038
38.7,1067
38.8,1048
38.8,1049
38.8,1080
38.8,1016
38.8,1076
38.8,1040
38.8,1033
38.8,1076
38.8,1013
38.8,1092
38.8,1088
38.8,1081
38.8,1062
38.8,1064
38.8,1042
38.8,1065
38.8,1012
38.8,1033
38.8,1061
38.8,1059
38.8,1083
38.8,1028
38.8,1033
38.8,1060
38.8,1054
38.8,1023
38.9,1101
38.9,1053
38.9,1067
38.9,1098
38.9,1067
38.9,1030
38.9,1024
38.9,1039
38.9,1092
38.9,1012
38.9,1049
38.9,1071
38.9,1061
38.9,1043
38.9,1056
38.9,1108
38.9,1064
38.9,1032
38.9,1022
39.0,1045
39.0,1036
39.0,1010
39.0,1081
39.0,1024
39.0,1077
39.0,1062
39.0,1064
39.1,1081
39.1,1041
39.1,1053
39.1,1052
39.1,1065
39.1,1057
39.1,1085
39.1,1144
39.1,1056
39.1,1082
39.1,1013
39.1,1089
39.1,1079
39.2,1055
39.2,1067
39.2,1085
39.2,1079
39.2,1110
39.2,1079
39.2,1122
39.2,1061
39.2,1069
39.2,1033
39.2,1059
39.2,1068
39.2,1014
39.3,1063
39.3,1071
39.3,1103
39.3,1047
39.3,1068
39.3,1057
39.3,1106
39.3,1073
39.3,1087
39.3,1036
39.3,1055
39.3,1116
39.3,1087
39.3,1098
39.3,1054
39.3,1074
39.4,1070
39.4,1128
39.4,1094
39.4,1115
39.4,1083
39.4,1107
39.4,1071
39.4,1086
39.4,1042
39.4,1089
39.5,1068
39.5,1029
39.5,1099
39.5,1069
39.5,1096
39.5,1005
39.5,1129
39.5,1080
39.5,1086
39.6,1074
39.6,1044
39.6,1067
39.6,1074
39.6,1064
39.6,1115
39.6,1092
39.6,1105
39.6,1091
39.6,1071
39.6,1096
39.6,1076
39.6,1084
39.6,1077
39.6,1104
39.6,1036
39.6,1057
39.7,1061
39.7,1073
39.7,1116
39.7,1061
39.7,1108
39.7,1083
39.7,1069
39.7,1108
39.7,1098
39.7,1091
39.7,1119
39.7,1140
39.7,1076
39.7,1076
39.8,1092
39.8,1066
39.8,1079
39.8,1073
39.8,1070
39.8,1071
39.8,1101
39.9,1106
39.9,1108
39.9,1135
39.9,1072
39.9,1039
39.9,1034
39.9,1063
39.9,1094
39.9,1100
40.0,1071
40.0,1119
40.0,1125
40.0,1095
40.0,1136
40.0,1091
40.1,1082
40.1,1133
40.1,1118
40.1,1132
40.1,1040
40.1,1133
40.1,1094
40.1,1067
40.1,1121
40.1,1116
40.1,1068
40.1,1082
40.1,1122
40.2,1080
40.2,1079
40.2,1097
40.2,1095
40.2,1081
40.2,1054
40.2,1056
40.2,1083
40.2,1141
40.2,1123
40.2,1113
40.2,1081
40.2,1071
40.3,1087
40.3,1107
40.3,1099
40.3,1149
40.3,1114
40.3,1063
40.3,1121
40.3,1077
40.3,1142
40.3,1072
40.3,1121
40.3,1128
40.3,1106
40.3,1149
40.3,1108
40.3,1141
40.3,1110
40.4,1053
40.4,1104
40.4,1115
40.4,1114
40.4,1126
40.4,1108
40.4,1086
40.4,1134
40.4,1088
40.4,1100
40.4,1103
40.4,1098
40.4,1123
40.5,1080
40.5,1108
40.5,1099
40.5,1129
40.5,1113
40.5,1159
40.5,1120
40.5,1090
40.5,1093
40.5,1083
40.5,1129
40.5,1097
40.5,1104
40.5,1104
40.5,1144
40.6,1140
40.6,1110
40.6,1089
40.6,1111
40.6,1122
40.6,1096
40.6,1102
40.6,1142
40.7,1125
40.7,1122
40.7,1117
40.7,1147
40.7,1125
40.7,1122
40.7,1098
40.7,1103
40.7,1140
40.7,1108
40.7,1061
40.7,1112
40.7,1126
40.7,1111
40.7,1084
40.7,1128
40.8,1143
40.8,1086
40.8,1169
40.8,1109
40.8,1103
40.8,1096
40.8,1129
40.8,1118
40.8,1135
40.8,1094
40.8,1128
40.8,1169
40.8,1148
40.8,1112
40.8,1147
40.8,1160
40.9,1139
40.9,1100
40.9,1116
40.9,1119
40.9,1106
40.9,1135
40.9,1154
40.9,1120
40.9,1150
40.9,1171
40.9,1150
40.9,1125
40.9,1103
40.9,1117
40.9,1091
40.9,1097
40.9,1114
40.9,1136
40.9,1184
40.9,1177
40.9,1103
40.9,1163
40.9,1139
40.9,1120
41.0,1128
41.0,1112
41.0,1127
41.0,1103
41.0,1117
41.0,1074
41.0,1170
41.0,1098
41.0,1163
41.0,1125
41.0,1145
41.0,1139
41.1,1106
41.1,1173
41.1,1124
41.1,1117
41.1,1116
41.1,1131
41.1,1110
41.1,1138
41.1,1095
41.1,1156
41.1,1122
41.1,1100
41.1,1124
41.2,1145
41.2,1118
41.2,1151
41.2,1180
41.2,1147
41.2,1154
41.2,1112
41.2,1080
41.2,1127
41.2,1105
41.2,1132
41.2,1205
41.2,1148
41.2,1194
41.2,1164
41.2,1151
41.3,1174
41.3,1175
41.3,1138
41.3,1122
41.3,1146
41.3,1124
41.3,1104
41.3,1144
41.3,1152
41.3,1170
41.3,1173
41.3,1168
41.3,1164
41.4,1175
41.4,1162
41.4,1146
41.4,1120
41.4,1161
41.4,1139
41.4,1149
41.4,1148
41.4,1115
41.4,1127
41.4,1153
41.4,1140
41.4,1141
41.5,1138
41.5,1135
41.5,1141
41.5,1133
41.5,1118
41.5,1148
41.5,1130
41.5,1175
41.5,1143
41.5,1143
41.5,1162
41.5,1152
41.5,1158
41.5,1149
41.5,1187
41.6,1146
41.6,1125
41.6,1099
41.6,1166
41.6,1147
41.6,1115
41.6,1141
41.6,1162
41.6,1127
41.6,1130
41.6,1163
41.6,1133
41.6,1173
41.6,1125
41.7,1137
41.7,1164
41.7,1171
41.7,1176
41.7,1177
41.7,1156
41.7,1115
41.7,1172
41.7,1166
41.7,1160
41.7,1129
41.7,1183
41.7,1152
41.7,1144
41.7,1172
41.8,1211
41.8,1187
41.8,1185
41.8,1130
41.8,1150
41.8,1190
41.8,1122
41.8,1140
41.8,1159
41.8,1174
41.8,1175
41.8,1140
41.8,1165
41.8,1169
41.8,1186
41.8,1166
41.8,1170
41.8,1169
41.9,1140
41.9,1159
41.9,1136
41.9,1149
41.9,1122
41.9,1142
41.9,1205
41.9,1170
41.9,1149
41.9,1129
41.9,1159
41.9,1161
41.9,1121
41.9,1130
41.9,1148
42.0,1150
42.0,1123
42.0,1193
42.0,1129
42.0,1182
42.0,1154
42.0,1188
42.0,1178
42.0,1199
42.0,1139
42.0,1160
42.0,1173
42.0,1183
42.0,1176
42.1,1177
42.1,1140
42.1,1148
42.1,1135
42.1,1130
42.1,1174
42.1,1143
42.1,1156
42.1,1202
42.1,1175
42.2,1148
42.2,1203
42.2,1178
42.2,1185
42.2,1149
42.2,1215
42.2,1149
42.2,1157
42.2,1161
42.3,1129
42.3,1220
42.3,1156
42.3,1203
42.3,1145
42.3,1169
42.3,1171
42.3,1186
42.3,1217
42.3,1211
42.3,1171
42.3,1195
42.3,1148
42.3,1188
42.3,1168
42.3,1185
42.4,1176
42.4,1158
42.4,1167
42.4,1169
42.4,1140
42.4,1165
42.4,1228
42.5,1192
42.5,1166
42.5,1194
42.5,1206
42.5,1200
42.5,1212
42.5,1164
42.5,1214
42.5,1192
42.5,1227
42.5,1223
42.5,1169
42.5,1142
42.5,1173
42.6,1200
42.6,1149
42.6,1225
42.6,1198
42.6,1180
42.6,1182
42.6,1189
42.6,1170
42.6,1202
42.6,1214
42.7,1157
42.7,1202
42.7,1193
42.7,1224
42.7,1186
42.7,1223
42.7,1214
42.7,1199
42.7,1171
42.7,1162
42.7,1204
42.7,1174
42.7,1194
42.7,1197
42.7,1164
42.7,1181
42.7,1172
42.7,1157
42.7,1177
42.7,1194
42.8,1144
42.8,1181
42.8,1218
42.8,1147
42.8,1226
42.8,1140
42.8,1199
42.8,1226
42.9,1168
42.9,1150
42.9,1154
42.9,1158
42.9,1178
42.9,1162
42.9,1230
42.9,1157
42.9,1219
42.9,1187
42.9,1202
42.9,1240
42.9,1211
42.9,1224
42.9,1218
42.9,1191
42.9,1213
43.0,1227
43.0,1202
43.0,1224
43.0,1198
43.0,1189
43.0,1202
43.0,1173
43.0,1229
43.0,1185
43.0,1194
43.0,1227
43.0,1191
43.0,1198
43.0,1225
43.0,1161
43.0,1160
43.1,1191
43.1,1231
43.1,1189
43.1,1170
43.1,1206
43.1,1190
43.1,1253
43.1,1166
43.1,1161
43.1,1159
43.1,1167
43.1,1185
43.1,1202
43.1,1179
43.1,1179
43.1,1158
43.2,1205
43.2,1230
43.2,1237
43.2,1191
43.2,1170
43.2,1213
43.2,1182
43.2,1203
43.2,1205
43.2,1205
43.2,1224
43.3,1178
43.3,1190
43.3,1202
43.3,1191
43.3,1225
43.3,1232
43.3,1222
43.3,1219
43.3,1172
43.3,1184
43.3,1197
43.3,1229
43.3,1177
43.3,1188
43.3,1208
43.4,1194
43.4,1141
43.4,1244
43.4,1209
43.4,1168
43.4,1214
43.4,1190
43.4,1217
43.4,1197
43.5,1149
43.5,1202
43.5,1224
43.5,1189
43.5,1213
43.5,1175
43.5,1176
43.5,1168
43.5,1208
43.5,1249
43.5,1205
43.5,1226
43.5,1202
43.5,1219
43.6,1184
43.6,1120
43.6,1197
43.6,1208
43.6,1224
43.6,1228
43.6,1178
43.6,1190
43.6,1206
43.6,1193
43.7,1243
43.7,1244
43.7,1244
43.7,1222
43.7,1251
43.7,1230
43.7,1212
43.7,1204
43.7,1246
43.7,1199
43.7,1229
43.7,1232
43.7,1230
43.8,1215
43.8,1245
43.8,1217
43.8,1223
43.8,1219
43.8,1247
43.8,1217
43.8,1251
43.8,1276
43.9,1224
43.9,1263
43.9,1242
43.9,1220
43.9,1190
43.9,1229
43.9,1212
43.9,1233
43.9,1178
43.9,1208
43.9,1191
43.9,1202
43.9,1248
43.9,1210
44.0,1274
44.0,1255
44.0,1194
44.0,1197
44.0,1226
44.0,1264
44.0,1220
44.0,1237
44.0,1234
44.0,1250
44.1,1202
44.1,1212
44.1,1242
44.1,1223
44.1,1255
44.1,1193
44.1,1269
44.2,1253
44.2,1213
44.2,1206
44.2,1197
44.2,1188
44.2,1206
44.2,1252
44.2,1216
44.2,1239
44.2,1235
44.3,1220
44.3,1213
44.3,1250
44.3,1221
44.3,1242
44.3,1216
44.3,1216
44.3,1228
44.3,1262
44.3,1174
44.3,1238
44.3,1208
44.4,1215
44.4,1257
44.4,1229
44.4,1241
44.4,1268
44.4,1279
44.4,1277
44.4,1279
44.4,1209
44.4,1219
44.4,1230
44.4,1247
44.4,1227
44.4,1251
44.4,1267
44.4,1280
44.4,1259
44.5,1248
44.5,1225
44.5,1261
44.5,1184
44.5,1236
44.5,1256
44.5,1235
44.5,1240
44.5,1233
44.5,1268
44.6,1249
44.6,1244
44.6,1244
44.6,1277
44.6,1202
44.6,1215
44.6,1214
44.6,1230
44.6,1222
44.6,1226
44.6,1238
44.6,1263
44.6,1207
44.6,1205
44.6,1210
44.6,1227
44.7,1261
44.7,1265
44.7,1211
44.7,1253
44.7,1274
44.7,1215
44.7,1232
44.7,1297
44.7,1214
44.7,1221
44.8,1262
44.8,1224
44.8,1210
44.8,1257
44.8,1271
44.8,1249
44.8,1222
44.8,1270
44.8,1282
44.8,1269
44.8,1215
44.9,1246
44.9,1253
44.9,1241
44.9,1235
44.9,1277
44.9,1238
44.9,1299
44.9,1272
44.9,1249
44.9,1276
44.9,1219
45.0,1236
45.0,1320
45.0,1259
45.0,1255
45.0,1321
45.0,1297
45.0,1252
45.0,1276
45.0,1250
45.0,1248
45.0,1260
45.0,1254
45.0,1285
45.0,1271
45.0,1251
45.0,1266
45.1,1262
45.1,1272
45.1,1241
45.1,1251
45.1,1242
45.1,1237
45.1,1267
45.2,1231
45.2,1280
45.2,1235
45.2,1252
45.2,1280
45.2,1241
45.2,1222
45.2,1279
45.2,1309
45.2,1294
45.2,1254
45.3,1274
45.3,1264
45.3,1251
45.3,1299
45.3,1267
45.3,1285
45.3,1267
45.3,1295
45.3,1281
45.4,1301
45.4,1249
45.4,1284
45.4,1287
45.4,1265
45.4,1262
45.4,1266
45.4,1295
45.4,1287
45.4,1273
45.4,1254
45.4,1305
45.5,1313
45.5,1293
45.5,1234
45.5,1218
45.5,1294
45.5,1243
45.5,1274
45.5,1284
45.5,1290
45.5,1276
45.6,1290
45.6,1316
45.6,1239
45.6,1236
45.6,1237
45.6,1271
45.6,1327
45.6,1298
45.6,1297
45.7,1271
45.7,1260
45.7,1260
45.7,1270
45.7,1265
45.7,1296
45.7,1301
45.7,1304
45.7,1307
45.7,1303
45.7,1306
45.7,1271
45.8,1315
45.8,1269
45.8,1302
45.8,1303
45.8,1216
45.8,1268
45.8,1218
45.8,1306
45.8,1313
45.8,1245
45.8,1249
45.8,1314
45.9,1318
45.9,1289
45.9,1301
45.9,1276
45.9,1275
45.9,1289
45.9,1292
45.9,1281
45.9,1316
45.9,1297
45.9,1297
45.9,1322
45.9,1286
45.9,1242
45.9,1283
45.9,1289
45.9,1247
46.0,1282
46.0,1288
46.0,1293
46.0,1284
46.0,1226
46.0,1304
46.0,1297
46.0,1279
46.0,1301
46.0,1283
46.0,1286
46.0,1282
46.0,1289
46.1,1267
46.1,1262
46.1,1334
46.1,1304
46.1,1227
46.1,1303
46.1,1304
46.1,1283
46.1,1323
46.1,1298
46.1,1314
46.1,1300
46.1,1314
46.1,1272
46.1,1288
46.1,1295
46.2,1289
46.2,1296
46.2,1303
46.2,1252
46.2,1315
46.2,1313
46.2,1251
46.3,1319
46.3,1318
46.3,1287
46.3,1316
46.3,1317
46.3,1316
46.3,1301
46.3,1328
46.3,1272
46.3,1282
46.3,1246
46.3,1322
46.3,1305
46.4,1313
46.4,1323
46.4,1249
46.4,1320
46.4,1290
46.4,1323
46.4,1279
46.4,1264
46.5,1287
46.5,1309
46.5,1303
46.5,1325
46.5,1301
46.5,1279
46.5,1297
46.5,1345
46.5,1288
46.5,1287
46.5,1318
46.6,1336
46.6,1286
46.6,1333
46.6,1293
46.6,1295
46.6,1288
46.6,1279
46.6,1283
46.6,1316
46.6,1329
46.6,1294
46.7,1329
46.7,1307
46.7,1267
46.7,1330
46.7,1279
46.7,1352
46.7,1292
46.7,1287
46.7,1276
46.7,1341
46.8,1378
46.8,1354
46.8,1336
46.8,1325
46.8,1321
46.8,1339
46.8,1275
46.8,1287
46.8,1290
46.8,1309
46.8,1316
46.8,1287
46.8,1299
46.8,1292
46.9,1307
46.9,1322
46.9,1309
46.9,1340
46.9,1340
46.9,1340
46.9,1295
46.9,1319
46.9,1341
47.0,1378
47.0,1328
47.0,1372
47.0,1332
47.0,1337
47.0,1357
47.0,1337
47.0,1321
47.0,1319
47.0,1322
47.0,1324
47.1,1365
47.1,1318
47.1,1326
47.1,1310
47.1,1328
47.1,1298
47.1,1373
47.1,1349
47.2,1348
47.2,1316
47.2,1288
47.2,1305
47.2,1308
47.2,1372
47.2,1338
47.2,1333
47.2,1381
47.2,1363
47.2,1350
47.2,1308
47.2,1296
47.2,1335
47.2,1320
47.2,1316
47.3,1373
47.3,1313
47.3,1312
47.3,1352
47.3,1360
47.3,1340
47.3,1333
47.4,1326
47.4,1346
47.4,1374
47.4,1335
47.4,1340
47.4,1340
47.4,1324
47.4,1349
47.4,1317
47.4,1357
47.4,1332
47.4,1294
47.4,1323
47.5,1343
47.5,1328
47.5,1304
47.5,1378
47.5,1349
47.5,1291
47.5,1296
47.5,1328
47.5,1350
47.5,1322
47.5,1353
47.5,1328
47.5,1334
47.6,1349
47.6,1324
47.6,1346
47.6,1327
47.6,1310
47.6,1357
47.6,1335
47.6,1302
47.6,1335
47.6,1359
47.6,1332
47.6,1331
47.6,1370
47.7,1307
47.7,1389
47.7,1389
47.7,1369
47.7,1361
47.7,1384
47.7,1378
47.7,1318
47.7,1311
47.7,1357
47.8,1390
47.8,1378
47.8,1346
47.8,1311
47.8,1318
47.8,1373
47.8,1349
47.8,1340
47.8,1361
47.9,1373
47.9,1365
47.9,1344
47.9,1335
47.9,1372
47.9,1374
47.9,1344
47.9,1402
47.9,1395
47.9,1317
47.9,1356
47.9,1338
47.9,1342
48.0,1345
48.0,1359
48.0,1373
48.0,1351
48.0,1354
48.0,1333
48.0,1351
48.0,1321
48.0,1379
48.0,1345
48.0,1328
48.1,1376
48.1,1386
48.1,1383
48.1,1326
48.1,1346
48.1,1354
48.1,1366
48.1,1363
48.1,1362
48.1,1352
48.1,1402
48.1,1362
48.1,1356
48.1,1323
48.1,1372
48.1,1410
48.1,1383
48.1,1387
48.1,1336
48.1,1391
48.1,1334
48.1,1371
48.2,1335
48.2,1393
48.2,1391
48.2,1424
48.2,1371
48.2,1345
48.2,1362
48.2,1324
48.2,1383
48.2,1322
48.2,1357
48.2,1396
48.2,1328
48.2,1395
48.2,1372
48.2,1319
48.2,1385
48.2,1328
48.3,1362
48.3,1365
48.3,1379
48.3,1384
48.3,1392
48.3,1359
48.3,1353
48.3,1355
48.3,1352
48.4,1383
48.4,1360
48.4,1389
48.4,1344
48.4,1385
48.4,1391
48.4,1367
48.4,1364
48.4,1319
48.4,1407
48.4,1335
48.4,1374
48.4,1442
48.5,1382
48.5,1387
48.5,1396
48.5,1427
48.5,1396
48.5,1380
48.6,1372
48.6,1364
48.6,1370
48.6,1374
48.6,1382
48.6,1375
48.6,1387
48.6,1401
48.6,1323
48.6,1336
48.6,1366
48.6,1363
48.7,1358
48.7,1366
48.7,1386
48.7,1354
48.7,1368
48.7,1361
48.7,1396
48.7,1353
48.7,1391
48.7,1400
48.7,1406
48.8,1394
48.8,1400
48.8,1408
48.8,1413
48.8,1362
48.8,1362
48.8,1378
48.8,1355
48.8,1386
48.8,1398
48.8,1373
48.9,1361
48.9,1364
48.9,1362
48.9,1358
48.9,1396
48.9,1374
48.9,1382
48.9,1408
48.9,1368
48.9,1373
48.9,1422
48.9,1416
48.9,1380
48.9,1386
48.9,1388
48.9,1365
49.0,1372
49.0,1403
49.0,1400
49.0,1423
49.0,1380
49.0,1356
49.0,1402
49.0,1389
49.0,1429
49.0,1374
49.0,1403
49.1,1393
49.1,1443
49.1,1370
49.1,1365
49.1,1414
49.1,1428
49.1,1416
49.1,1368
49.1,1385
49.1,1395
49.1,1426
49.1,1394
49.1,1407
49.1,1400
49.1,1381
49.1,1398
49.2,1384
49.2,1410
49.2,1410
49.2,1359
49.2,1399
49.2,1375
49.2,1405
49.3,1361
49.3,1409
49.3,1386
49.3,1408
49.3,1403
49.3,1419
49.3,1429
49.3,1412
49.3,1430
49.3,1378
49.3,1454
49.3,1419
49.3,1429
49.3,1397
49.3,1389
49.3,1353
49.3,1403
49.4,1386
49.4,1385
49.4,1406
49.4,1414
49.4,1400
49.4,1391
49.4,1412
49.4,1378
49.4,1372
49.5,1403
49.5,1428
49.5,1469
49.5,1425
49.5,1402
49.5,1381
49.5,1413
49.5,1452
49.5,1415
49.5,1427
49.5,1372
49.5,1383
49.5,1427
49.5,1414
49.5,1355
49.6,1431
49.6,1400
49.6,1404
49.6,1372
49.7,1423
49.7,1437
49.7,1423
49.7,1336
49.7,1420
49.7,1394
49.7,1436
49.7,1402
49.7,1407
49.7,1410
49.7,1431
49.7,1397
49.7,1383
49.7,1395
49.7,1422
49.8,1423
49.8,1394
49.8,1452
49.8,1426
49.8,1356
49.8,1437
49.8,1439
49.8,1482
49.8,1411
49.8,1411
49.8,1414
49.8,1419
49.9,1420
49.9,1415
49.9,1420
49.9,1404
49.9,1394
49.9,1393
49.9,1412
49.9,1437
49.9,1446
49.9,1396
49.9,1413
49.9,1436
49.9,1422
50.0,1419
50.0,1427
50.0,1377
50.0,1418
50.0,1413
50.0,1396
50.0,1444
