Area,Price
801,2542000
801,2461000
801,2452000
802,2450000
803,2300000
803,2531000
803,2383000
804,2476000
804,2409000
805,2419000
805,2551000
806,2410000
806,2578000
806,2423000
807,2459000
808,2584000
808,2529000
810,2396000
810,2390000
811,2398000
812,2362000
812,2393000
812,2564000
813,2461000
813,2436000
814,2576000
815,2377000
816,2488000
817,2587000
817,2611000
819,2562000
819,2684000
820,2476000
822,2536000
822,2502000
823,2534000
823,2598000
824,2487000
825,2562000
826,2547000
827,2603000
827,2666000
828,2488000
828,2579000
829,2614000
829,2651000
829,2673000
830,2507000
831,2631000
833,2547000
833,2541000
833,2650000
834,2753000
835,2489000
835,2640000
835,2551000
836,2578000
836,2680000
836,2487000
837,2620000
837,2517000
838,2592000
838,2546000
840,2631000
840,2750000
840,2548000
841,2579000
841,2629000
841,2739000
841,2572000
842,2659000
842,2609000
842,2567000
842,2670000
843,2584000
843,2475000
843,2722000
846,2722000
846,2692000
846,2623000
847,2678000
847,2581000
847,2521000
848,2687000
848,2516000
851,2557000
851,2724000
851,2614000
852,2670000
853,2815000
854,2711000
855,2677000
855,2574000
856,2733000
856,2659000
857,2514000
857,2722000
857,2734000
858,2649000
858,2654000
858,2555000
859,2623000
859,2848000
859,2641000
859,2747000
860,2799000
863,2670000
864,2662000
864,2692000
864,2759000
865,2778000
866,2839000
867,2704000
868,2756000
868,2597000
870,2788000
870,2639000
871,2778000
871,2726000
871,2630000
872,2802000
873,2734000
873,2728000
874,2803000
875,2716000
875,2761000
876,2697000
877,2850000
877,2698000
878,2726000
878,2892000
879,2706000
880,2752000
880,2835000
880,2782000
882,2584000
883,2742000
883,2748000
883,2620000
883,2577000
884,2844000
884,2711000
884,2834000
884,2693000
885,2678000
886,2807000
887,2645000
888,2751000
888,2678000
888,2549000
889,2790000
890,2703000
890,2905000
891,2714000
892,2683000
893,2810000
894,2734000
894,2692000
894,2778000
895,2930000
896,2768000
896,3014000
897,2735000
897,2760000
897,2775000
898,2989000
900,2753000
900,2826000
901,2800000
901,2848000
902,2669000
903,2883000
904,2924000
904,2802000
904,2848000
904,2693000
906,2817000
907,2970000
907,2586000
908,2887000
908,2774000
908,2734000
908,2812000
908,2918000
909,2790000
909,2918000
909,2841000
910,2902000
910,2811000
910,2852000
910,2808000
910,2992000
911,2987000
911,2846000
913,2892000
914,2887000
914,2699000
915,2963000
916,2933000
917,2803000
918,2869000
918,2813000
919,2928000
919,2811000
919,2775000
919,2918000
920,2871000
921,2875000
921,2922000
922,2999000
922,2831000
922,2879000
922,2929000
922,2832000
923,2863000
923,2919000
923,2812000
924,2931000
925,2931000
926,2919000
926,2866000
927,3041000
928,2881000
928,3052000
929,3020000
930,2843000
930,2851000
930,2898000
931,2990000
934,2949000
934,2998000
935,2797000
935,2796000
936,2974000
936,2929000
937,2892000
937,2993000
937,2795000
938,2886000
938,2901000
939,2929000
940,3011000
940,2932000
942,3028000
942,2906000
943,2999000
943,2942000
944,2916000
945,3053000
947,3263000
948,3033000
948,3010000
948,2956000
949,2868000
949,3105000
949,3012000
950,2947000
951,3045000
952,3038000
952,2913000
953,2991000
953,3052000
953,3007000
954,3045000
954,2911000
955,3058000
955,3179000
956,3041000
956,3042000
956,3076000
956,3103000
956,3043000
957,3106000
957,3010000
958,3099000
958,3068000
958,3055000
959,3099000
960,3071000
960,2966000
960,2991000
961,3142000
962,2960000
962,3072000
963,3067000
963,3051000
964,3133000
965,3186000
965,2923000
965,2944000
965,3103000
966,3015000
967,3161000
968,3140000
968,2994000
969,2955000
969,3263000
970,3127000
970,2949000
970,2973000
971,2949000
971,3128000
972,3123000
972,2941000
972,3224000
973,3146000
973,3081000
974,3231000
974,3002000
974,3162000
975,2987000
975,3077000
975,3181000
975,3106000
976,3297000
976,3061000
976,3270000
976,2917000
977,3259000
978,3197000
978,3075000
978,3229000
979,3163000
980,3046000
980,3191000
981,3030000
981,3067000
983,3088000
984,3012000
984,3034000
986,3244000
986,3158000
987,3251000
988,3156000
989,3111000
989,3231000
989,3213000
991,3053000
991,3088000
991,3184000
991,3193000
993,3352000
994,3213000
995,3038000
995,3165000
995,3305000
996,3068000
996,3207000
996,3158000
999,3276000
999,3263000
1000,3206000
1000,3264000
1001,3231000
1001,3079000
1004,3296000
1006,3235000
1006,3289000
1007,3152000
1008,3161000
1008,3174000
1009,3260000
1010,3187000
1010,3212000
1011,3282000
1013,3269000
1016,3239000
1016,3284000
1016,3267000
1017,3306000
1017,3127000
1018,3333000
1018,3012000
1019,3188000
1020,3301000
1020,3216000
1023,3371000
1023,3341000
1025,3257000
1025,3054000
1026,3308000
1026,3313000
1027,3170000
1027,3407000
1027,3311000
1027,3130000
1027,3280000
1029,3168000
1029,3302000
1030,3328000
1030,3261000
1031,3262000
1031,3252000
1032,3261000
1032,3266000
1032,3208000
1033,3259000
1033,3225000
1034,3165000
1036,3287000
1036,3325000
1037,3230000
1037,3345000
1037,3327000
1037,3239000
1038,3449000
1038,3226000
1038,3361000
1038,3350000
1040,3470000
1040,3270000
1041,3307000
1041,3321000
1041,3259000
1042,3161000
1042,3298000
1043,3428000
1043,3324000
1044,3344000
1044,3294000
1045,3321000
1046,3388000
1046,3266000
1047,3516000
1048,3404000
1048,3255000
1048,3439000
1049,3323000
1050,3385000
1051,3379000
1053,3333000
1053,3434000
1054,3329000
1054,3349000
1056,3475000
1056,3388000
1057,3317000
1057,3489000
1058,3454000
1059,3387000
1059,3275000
1061,3446000
1062,3263000
1062,3259000
1062,3469000
1063,3517000
1063,3320000
1064,3385000
1064,3412000
1065,3427000
1065,3329000
1065,3322000
1067,3557000
1067,3445000
1067,3553000
1068,3459000
1068,3519000
1069,3343000
1069,3190000
1070,3335000
1071,3459000
1072,3479000
1072,3473000
1072,3521000
1073,3534000
1074,3510000
1074,3471000
1074,3283000
1074,3336000
1075,3415000
1076,3365000
1076,3503000
1076,3359000
1076,3412000
1076,3551000
1076,3397000
1076,3433000
1076,3440000
1077,3528000
1079,3576000
1079,3361000
1082,3533000
1082,3347000
1082,3567000
1085,3569000
1085,3498000
1085,3553000
1085,3631000
1086,3503000
1086,3533000
1087,3643000
1087,3541000
1087,3479000
1087,3500000
1087,3371000
1087,3555000
1088,3569000
1088,3417000
1088,3484000
1089,3640000
1089,3478000
1090,3544000
1090,3492000
1091,3549000
1091,3698000
1092,3461000
1092,3446000
1092,3256000
1093,3556000
1095,3540000
1096,3440000
1097,3682000
1098,3498000
1099,3671000
1100,3389000
1101,3451000
1103,3411000
1105,3480000
1105,3568000
1105,3581000
1105,3664000
1106,3512000
1106,3621000
1107,3504000
1107,3473000
1107,3679000
1108,3519000
1108,3582000
1109,3545000
1110,3528000
1112,3652000
1112,3575000
1112,3599000
1112,3670000
1112,3567000
1113,3400000
1113,3826000
1114,3626000
1115,3702000
1116,3550000
1117,3688000
1118,3630000
1119,3613000
1120,3641000
1120,3564000
1122,3763000
1122,3592000
1122,3706000
1123,3669000
1123,3625000
1124,3653000
1124,3696000
1126,3647000
1127,3504000
1127,3501000
1128,3697000
1128,3720000
1128,3783000
1129,3628000
1129,3619000
1130,3721000
1130,3610000
1130,3531000
1132,3599000
1132,3599000
1132,3654000
1132,3659000
1133,3624000
1133,3651000
1134,3659000
1134,3581000
1135,3439000
1136,3654000
1137,3602000
1138,3670000
1138,3749000
1141,3631000
1141,3599000
1141,3751000
1141,3668000
1141,3765000
1142,3690000
1142,3672000
1143,3681000
1146,3691000
1147,3735000
1147,3762000
1148,3624000
1148,3760000
1148,3640000
1148,3672000
1148,3751000
1150,3634000
1150,3759000
1151,3768000
1151,3859000
1152,3785000
1152,3681000
1152,3675000
1152,3670000
1153,3702000
1154,3747000
1154,3576000
1155,3710000
1156,3675000
1156,3726000
1157,3857000
1157,3881000
1157,3759000
1158,3725000
1158,3740000
1159,3796000
1159,3774000
1159,3750000
1159,3792000
1160,3700000
1160,3798000
1160,3633000
1162,3889000
1163,3721000
1165,3919000
1166,3745000
1166,3775000
1166,3726000
1167,3778000
1168,3829000
1168,3772000
1168,3813000
1169,3811000
1169,3857000
1171,3710000
1171,3817000
1171,3783000
1173,3719000
1175,3882000
1176,3933000
1177,3750000
1178,3829000
1179,3985000
1181,4057000
1182,3677000
1183,3844000
1184,3855000
1184,3755000
1184,3928000
1184,3864000
1185,3951000
1185,3969000
1186,3727000
1186,3791000
1186,3729000
1186,3661000
1186,3836000
1186,3787000
1187,3828000
1187,3913000
1188,3848000
1188,3857000
1188,3843000
1188,3846000
1189,3883000
1189,3841000
1189,3825000
1190,3971000
1191,3829000
1191,3877000
1194,3913000
1194,3900000
1196,3901000
1196,3982000
1197,3780000
1197,3910000
1200,3913000
1200,3890000
1200,3916000
1200,3869000
1200,3813000
1202,3910000
1202,3991000
1202,3876000
1203,3817000
1204,3960000
1205,3881000
1209,4023000
1210,3999000
1210,4052000
1210,3899000
1211,4035000
1211,3976000
1211,3845000
1212,3900000
1212,3974000
1212,4041000
1213,4119000
1213,4058000
1213,4074000
1214,3948000
1214,3857000
1214,3961000
1214,3872000
1215,4091000
1215,3872000
1216,4031000
1216,3947000
1216,4001000
1217,4002000
1217,3824000
1217,4009000
1217,3749000
1218,4128000
1218,4033000
1218,3883000
1218,4029000
1219,4072000
1219,4017000
1221,4034000
1222,3955000
1223,4020000
1224,3969000
1225,3980000
1225,3839000
1225,4071000
1227,3875000
1227,4072000
1228,4095000
1229,4005000
1230,3991000
1230,3900000
1232,3949000
1232,4122000
1233,4084000
1233,4181000
1233,3996000
1233,4013000
1234,4126000
1234,4121000
1235,4092000
1236,4035000
1237,4106000
1237,4086000
1238,4101000
1240,4011000
1240,4045000
1241,4004000
1241,4136000
1242,4203000
1243,4123000
1244,4084000
1244,3932000
1244,4168000
1245,4037000
1248,3983000
1248,4107000
1249,4088000
1249,4178000
1250,4185000
1250,4076000
1250,3972000
1250,4157000
1250,4177000
1252,4202000
1252,4209000
1252,4133000
1252,4096000
1253,4109000
1254,4091000
1254,4052000
1254,3947000
1254,3956000
1255,4158000
1256,4018000
1257,4043000
1257,4026000
1257,4050000
1258,4132000
1258,4034000
1258,4163000
1259,4134000
1259,4072000
1259,4094000
1259,4084000
1261,4036000
1262,4118000
1263,4092000
1263,4159000
1263,4271000
1264,4112000
1265,4033000
1266,4191000
1267,4041000
1268,4198000
1268,4199000
1269,4121000
1270,4181000
1270,4115000
1272,4252000
1272,4104000
1273,4277000
1275,4093000
1277,4138000
1277,4254000
1279,4240000
1280,4225000
1280,4185000
1280,4325000
1280,4299000
1280,4219000
1280,4161000
1281,4222000
1282,4211000
1282,4189000
1282,4186000
1286,4172000
1288,4277000
1288,4244000
1289,4367000
1289,4198000
1290,4316000
1291,4119000
1292,4168000
1293,4232000
1293,4257000
1294,4136000
1294,4235000
1295,4249000
1296,4239000
1296,4326000
1297,4164000
1298,4227000
1299,4260000
1300,4198000
1300,4312000
1301,4265000
1301,4259000
1301,4261000
1302,4195000
1302,4286000
1303,4299000
1304,4352000
1304,4315000
1304,4321000
1305,4313000
1306,4227000
1306,4274000
1307,4343000
1307,4375000
1308,4351000
1309,4364000
1310,4027000
1310,4292000
1310,4401000
1312,4452000
1312,4404000
1312,4393000
1312,4324000
1312,4284000
1313,4307000
1313,4398000
1313,4311000
1313,4110000
1314,4317000
1315,4379000
1315,4268000
1315,4419000
1315,4365000
1317,4305000
1318,4281000
1319,4408000
1320,4365000
1321,4338000
1322,4328000
1322,4430000
1322,4432000
1324,4313000
1325,4166000
1326,4505000
1326,4487000
1326,4235000
1327,4359000
1328,4322000
1328,4421000
1328,4383000
1330,4480000
1330,4381000
1330,4363000
1331,4426000
1331,4555000
1332,4373000
1333,4302000
1335,4447000
1335,4305000
1337,4265000
1337,4361000
1339,4371000
1339,4362000
1341,4232000
1342,4473000
1342,4513000
1343,4521000
1343,4556000
1344,4270000
1344,4312000
1344,4374000
1345,4372000
1345,4526000
1346,4576000
1347,4422000
1347,4454000
1347,4503000
1348,4459000
1349,4519000
1349,4417000
1349,4418000
1350,4292000
1351,4535000
1351,4519000
1351,4451000
1352,4472000
1352,4339000
1352,4409000
1353,4514000
1353,4498000
1353,4478000
1353,4454000
1354,4451000
1355,4612000
1355,4354000
1355,4519000
1356,4447000
1357,4455000
1357,4544000
1358,4484000
1358,4333000
1358,4596000
1358,4514000
1358,4424000
1360,4570000
1362,4522000
1362,4458000
1363,4602000
1364,4395000
1366,4530000
1367,4492000
1367,4524000
1367,4519000
1368,4364000
1368,4591000
1370,4394000
1372,4599000
1372,4593000
1373,4643000
1373,4584000
1373,4473000
1373,4456000
1374,4637000
1374,4503000
1374,4685000
1374,4426000
1375,4508000
1376,4455000
1376,4577000
1376,4520000
1380,4634000
1380,4469000
1380,4640000
1381,4681000
1381,4517000
1383,4475000
1383,4533000
1384,4742000
1385,4552000
1386,4569000
1387,4602000
1387,4548000
1387,4578000
1388,4768000
1388,4655000
1388,4527000
1389,4505000
1389,4651000
1391,4525000
1393,4532000
1393,4596000
1394,4515000
1395,4673000
1396,4587000
1398,4566000
1398,4698000
1398,4691000
1399,4708000
1399,4577000
1399,4569000
1399,4528000
1401,4601000
1401,4608000
1402,4668000
1403,4685000
1403,4614000
1403,4779000
1404,4618000
1404,4705000
1404,4699000
1404,4537000
1404,4729000
1404,4544000
1404,4625000
1406,4661000
1406,4716000
1408,4552000
1408,4646000
1409,4568000
1409,4695000
1409,4691000
1412,4699000
1412,4635000
1413,4658000
1414,4726000
1415,4645000
1415,4757000
1415,4669000
1416,4758000
1417,4764000
1417,4689000
1418,4702000
1418,4754000
1419,4780000
1421,4767000
1423,4661000
1423,4600000
1424,4896000
1424,4777000
1424,4772000
1425,4813000
1425,4657000
1425,4779000
1426,4731000
1427,4882000
1427,4658000
1427,4716000
1427,4767000
1428,4643000
1428,4786000
1429,4684000
1429,4703000
1429,4641000
1429,4851000
1430,4865000
1431,4903000
1432,4701000
1432,4737000
1432,4629000
1432,4644000
1434,4642000
1434,4706000
1435,4747000
1435,4806000
1435,4759000
1436,4933000
1438,4652000
1438,4855000
1439,4769000
1439,4681000
1441,4804000
1441,4757000
1442,4664000
1443,4724000
1444,4745000
1444,4862000
1444,4705000
1446,4784000
1446,4898000
1446,4813000
1447,4945000
1447,4760000
1449,4815000
1449,4780000
1451,4841000
1451,4843000
1454,4665000
1455,4848000
1455,4846000
1455,4921000
1457,4948000
1458,4876000
1458,4941000
1458,4714000
1458,4877000
1459,4823000
1460,4816000
1461,4952000
1461,4782000
1462,5007000
1462,4952000
1462,4853000
1463,4943000
1464,4806000
1465,4843000
1465,4943000
1465,4890000
1466,4888000
1466,4957000
1466,4903000
1468,4796000
1469,4986000
1469,4864000
1469,4803000
1470,4983000
1470,4915000
1470,4881000
1471,4852000
1471,4842000
1471,4855000
1472,4845000
1472,4916000
1472,4997000
1472,4919000
1473,4875000
1473,4719000
1473,5026000
1475,4928000
1475,4878000
1475,5045000
1476,5008000
1478,4788000
1479,5016000
1479,4911000
1479,4988000
1479,5049000
1479,5053000
1480,5104000
1481,4831000
1483,4892000
1485,4943000
1485,4837000
1487,4991000
1488,5047000
1488,5063000
1489,5209000
1489,4829000
1489,4907000
1490,4953000
1491,4890000
1493,5101000
1494,5146000
1495,5071000
1495,4966000
1496,4996000
1496,4860000
1496,4986000
1497,4865000
1497,5034000
1498,4815000
1498,5017000
1498,4930000
1499,5047000
1499,5113000
1500,4911000
1500,4981000
1501,5032000
1501,5076000
1502,4958000
1502,5052000
1505,4981000
1508,4966000
1508,4951000
1508,5105000
1509,4990000
1509,4973000
1509,5073000
1510,5062000
1511,5008000
1511,5131000
1511,5002000
1512,4966000
1512,5029000
1512,5080000
1514,5059000
1515,5013000
1515,5012000
1515,5039000
1516,5113000
1516,5111000
1516,5094000
1518,5095000
1518,5176000
1519,5095000
1519,5137000
1521,5005000
1522,5154000
1523,5018000
1523,5062000
1523,4835000
1523,4952000
1523,4968000
1524,5139000
1524,5036000
1525,5089000
1525,4962000
1525,5183000
1526,5035000
1526,5075000
1527,5011000
1527,5165000
1527,5196000
1527,5112000
1528,5114000
1528,5145000
1528,4956000
1528,4855000
1528,5177000
1529,4960000
1529,5170000
1529,5066000
1529,5069000
1530,5169000
1531,5197000
1531,5079000
1531,5150000
1531,5223000
1532,5024000
1533,5186000
1533,5178000
1534,5143000
1535,5159000
1536,5208000
1537,5268000
1538,5217000
1539,5161000
1540,5007000
1541,5155000
1543,5214000
1544,5200000
1544,5155000
1546,5297000
1546,5120000
1548,5186000
1548,5265000
1548,5155000
1549,5150000
1549,5200000
1550,5194000
1550,5378000
1550,5209000
1550,5240000
1551,5147000
1551,5148000
1551,5258000
1552,5126000
1553,5204000
1554,5181000
1556,5285000
1556,5100000
1557,5249000
1557,5192000
1557,5049000
1558,5265000
1559,5115000
1559,5275000
1560,5173000
1560,5323000
1560,5177000
1561,4996000
1562,5149000
1562,5215000
1563,5263000
1564,5253000
1565,5154000
1566,5251000
1566,5280000
1566,5212000
1566,5277000
1567,5205000
1567,5158000
1568,5217000
1569,5182000
1569,5316000
1570,5154000
1571,5344000
1571,5295000
1571,5225000
1571,5283000
1571,5259000
1571,5300000
1572,5294000
1572,5106000
1572,5269000
1573,5248000
1573,5267000
1574,5334000
1575,5208000
1575,5335000
1576,5153000
1576,5369000
1578,5289000
1579,5409000
1579,5269000
1580,5260000
1580,5214000
1580,5250000
1580,5344000
1581,5425000
1581,5311000
1581,5357000
1582,5254000
1582,5272000
1582,5301000
1583,5171000
1584,5366000
1584,5372000
1584,5155000
1584,5366000
1585,5356000
1585,5371000
1586,5216000
1586,5242000
1586,5435000
1586,5373000
1587,5324000
1588,5148000
1588,5287000
1590,5349000
1590,5212000
1590,5340000
1590,5237000
1590,5485000
1591,5382000
1591,5328000
1591,5271000
1592,5356000
1593,5276000
1594,5244000
1595,5315000
1595,5396000
1596,5376000
1596,5423000
1597,5168000
1598,5291000
1600,5356000
1601,5318000
1601,5276000
1603,5407000
1603,5345000
1603,5407000
1604,5600000
1604,5321000
1605,5438000
1606,5274000
1606,5327000
1607,5395000
1608,5449000
1608,5267000
1609,5393000
1609,5356000
1610,5291000
1611,5352000
1612,5273000
1613,5381000
1614,5404000
1614,5343000
1614,5458000
1615,5492000
1615,5433000
1615,5549000
1618,5436000
1618,5463000
1621,5449000
1621,5422000
1622,5497000
1623,5451000
1625,5563000
1626,5470000
1626,5567000
1626,5411000
1627,5527000
1627,5325000
1627,5577000
1627,5437000
1630,5512000
1630,5535000
1631,5363000
1632,5540000
1632,5406000
1632,5401000
1632,5561000
1633,5426000
1634,5551000
1634,5448000
1634,5530000
1634,5487000
1635,5496000
1635,5552000
1637,5423000
1637,5442000
1638,5608000
1638,5533000
1638,5469000
1638,5363000
1638,5528000
1639,5572000
1639,5566000
1639,5429000
1640,5478000
1640,5444000
1641,5609000
1643,5418000
1643,5413000
1644,5521000
1644,5596000
1645,5572000
1646,5400000
1646,5425000
1648,5486000
1648,5561000
1648,5542000
1648,5620000
1650,5635000
1650,5588000
1650,5539000
1651,5577000
1653,5674000
1653,5567000
1653,5677000
1654,5655000
1655,5478000
1655,5575000
1656,5632000
1657,5540000
1658,5545000
1658,5635000
1659,5293000
1660,5574000
1661,5509000
1661,5571000
1661,5544000
1661,5448000
1663,5630000
1663,5548000
1663,5654000
1664,5576000
1664,5619000
1666,5724000
1667,5547000
1667,5493000
1668,5515000
1669,5659000
1669,5638000
1670,5605000
1671,5510000
1671,5716000
1671,5577000
1672,5543000
1673,5530000
1673,5559000
1675,5653000
1675,5619000
1676,5650000
1676,5677000
1676,5526000
1676,5683000
1677,5564000
1677,5560000
1677,5658000
1678,5756000
1681,5697000
1681,5584000
1682,5758000
1682,5672000
1685,5717000
1686,5701000
1687,5742000
1687,5833000
1689,5663000
1689,5613000
1689,5693000
1689,5677000
1691,5646000
1691,5693000
1691,5893000
1692,5735000
1692,5718000
1696,5829000
1697,5683000
1697,5836000
1698,5559000
1698,5672000
1699,5763000
1699,5655000
1700,5542000
1700,5851000
1700,5808000
1701,5683000
1702,5868000
1702,5836000
1703,5807000
1703,5707000
1704,5822000
1704,5760000
1704,5753000
1704,5651000
1704,5779000
1704,5717000
1704,5767000
1706,5793000
1707,5769000
1707,5698000
1708,5831000
1709,5725000
1710,5616000
1712,5718000
1713,5972000
1713,5825000
1714,5730000
1715,5877000
1715,5674000
1715,5816000
1716,5837000
1716,5847000
1717,5826000
1718,5904000
1719,5932000
1719,5780000
1721,5741000
1721,5743000
1722,5725000
1723,5901000
1723,5908000
1724,5784000
1724,5841000
1725,5757000
1726,5905000
1726,5810000
1727,5893000
1727,5743000
1730,5928000
1731,5876000
1731,5820000
1732,5972000
1732,5801000
1732,5889000
1733,5961000
1733,5709000
1733,5779000
1733,5962000
1735,5949000
1735,5625000
1736,5895000
1736,5995000
1737,5891000
1737,5948000
1737,5909000
1738,5890000
1738,5749000
1740,5864000
1740,5855000
1742,5900000
1742,5821000
1742,5827000
1743,5937000
1743,5711000
1743,5789000
1744,5880000
1745,5832000
1747,5976000
1747,5884000
1749,5837000
1749,5892000
1750,5995000
1750,5954000
1751,5831000
1751,5843000
1752,5813000
1754,5930000
1755,5742000
1755,5974000
1756,5999000
1756,6003000
1757,5811000
1757,5778000
1758,5904000
1758,6066000
1758,6113000
1758,6004000
1758,5972000
1759,6026000
1759,5955000
1759,5969000
1759,6080000
1760,5833000
1760,6051000
1760,6067000
1760,5879000
1760,6015000
1761,5898000
1761,5973000
1763,6133000
1763,6092000
1764,6034000
1764,5922000
1765,5941000
1766,5971000
1767,5838000
1768,5997000
1768,5896000
1768,6161000
1769,5752000
1769,5951000
1769,6072000
1769,5948000
1771,6032000
1771,5924000
1771,6070000
1772,5990000
1773,6080000
1773,6004000
1773,5937000
1773,5943000
1774,5981000
1774,6114000
1774,5948000
1775,6101000
1776,6005000
1776,5985000
1777,5931000
1777,6105000
1781,5938000
1781,5927000
1783,6061000
1783,5938000
1783,6036000
1787,6078000
1788,6186000
1788,6035000
1789,6153000
1789,5826000
1791,6139000
1791,6012000
1791,6176000
1792,6086000
1793,6161000
1793,5913000
1793,6143000
1793,6073000
1794,6131000
1796,6124000
1797,6027000
1798,6049000
1798,6126000
1801,6228000
1801,6012000
1801,6128000
1803,6075000
1803,6053000
1803,5994000
1804,6044000
1804,6201000
1804,6018000
1805,6154000
1806,6123000
1808,6125000
1809,6044000
1809,6065000
1810,6144000
1810,6110000
1810,6178000
1811,6113000
1811,6169000
1811,6201000
1812,6172000
1812,6137000
1813,6292000
1814,6078000
1816,6192000
1816,6156000
1816,6192000
1817,6213000
1817,6019000
1819,6284000
1819,6069000
1819,6217000
1820,6138000
1820,6205000
1821,6244000
1821,6105000
1821,6272000
1822,6187000
1822,6122000
1823,6118000
1824,6086000
1824,6087000
1824,6160000
1825,6160000
1825,6145000
1826,6175000
1826,6130000
1826,6098000
1827,6101000
1827,6302000
1828,6189000
1828,6184000
1828,6223000
1828,6213000
1829,6046000
1829,6307000
1830,6165000
1830,6236000
1832,6121000
1832,6160000
1832,6273000
1832,6182000
1833,6278000
1833,6319000
1833,6185000
1834,6416000
1834,6257000
1835,6321000
1836,6277000
1836,6347000
1837,6251000
1837,6170000
1838,6250000
1838,6147000
1839,6330000
1839,6111000
1839,6235000
1839,6142000
1840,6327000
1840,6144000
1841,6205000
1841,6204000
1842,6271000
1842,6288000
1843,6310000
1843,6163000
1843,6256000
1844,6311000
1844,6468000
1844,6165000
1845,6280000
1846,6291000
1847,6241000
1847,6245000
1847,6255000
1847,6238000
1847,6155000
1847,6264000
1849,6283000
1851,6367000
1851,6138000
1851,6287000
1851,6305000
1851,6352000
1851,6197000
1852,6184000
1852,6270000
1852,6459000
1852,6221000
1854,6244000
1854,6467000
1855,6407000
1855,6348000
1855,6301000
1855,6355000
1855,6217000
1857,6350000
1857,6457000
1858,6207000
1859,6402000
1859,6287000
1859,6392000
1859,6304000
1859,6305000
1860,6362000
1860,6433000
1861,6394000
1861,6302000
1862,6295000
1862,6374000
1862,6352000
1862,6282000
1863,6400000
1863,6473000
1863,6334000
1864,6383000
1867,6379000
1867,6329000
1867,6285000
1867,6369000
1868,6417000
1868,6462000
1868,6334000
1868,6419000
1870,6408000
1870,6383000
1872,6315000
1872,6419000
1873,6309000
1874,6353000
1875,6434000
1875,6390000
1875,6208000
1876,6313000
1876,6352000
1877,6452000
1877,6402000
1877,6446000
1877,6218000
1879,6467000
1879,6428000
1879,6362000
1880,6430000
1882,6388000
1882,6394000
1883,6402000
1883,6346000
1884,6465000
1885,6282000
1885,6297000
1885,6388000
1886,6457000
1887,6410000
1888,6361000
1888,6196000
1888,6485000
1889,6451000
1890,6483000
1891,6394000
1891,6426000
1892,6330000
1893,6471000
1893,6498000
1894,6442000
1894,6430000
1895,6651000
1896,6395000
1896,6511000
1898,6500000
1898,6286000
1899,6369000
1899,6369000
1900,6381000
1900,6488000
1900,6530000
1901,6527000
1902,6511000
1903,6485000
1903,6445000
1904,6485000
1904,6403000
1905,6540000
1907,6252000
1908,6370000
1909,6285000
1911,6500000
1911,6575000
1912,6335000
1912,6573000
1912,6476000
1913,6412000
1914,6452000
1914,6488000
1916,6385000
1916,6573000
1916,6615000
1917,6543000
1917,6423000
1919,6656000
1920,6459000
1921,6472000
1922,6575000
1922,6621000
1923,6463000
1923,6550000
1923,6461000
1923,6407000
1924,6531000
1924,6623000
1924,6618000
1925,6654000
1926,6510000
1926,6539000
1926,6557000
1927,6684000
1928,6445000
1930,6650000
1930,6529000
1930,6486000
1930,6583000
1931,6747000
1932,6513000
1932,6517000
1933,6607000
1933,6707000
1934,6698000
1935,6640000
1935,6518000
1936,6702000
1936,6576000
1936,6578000
1938,6591000
1938,6474000
1938,6486000
1940,6587000
1940,6650000
1941,6632000
1941,6651000
1941,6601000
1942,6671000
1942,6532000
1942,6621000
1943,6584000
1943,6417000
1944,6716000
1944,6534000
1945,6487000
1945,6687000
1946,6739000
1946,6680000
1948,6811000
1948,6550000
1949,6568000
1949,6581000
1950,6767000
1951,6591000
1951,6623000
1952,6691000
1952,6598000
1952,6571000
1955,6608000
1955,6748000
1956,6823000
1956,6689000
1956,6589000
1956,6712000
1957,6535000
1957,6699000
1957,6697000
1958,6687000
1958,6830000
1958,6586000
1958,6770000
1959,6533000
1959,6578000
1962,6660000
1962,6608000
1963,6664000
1963,6631000
1963,6617000
1963,6754000
1963,6769000
1963,6546000
1964,6765000
1965,6630000
1965,6818000
1966,6688000
1967,6857000
1967,6762000
1967,6792000
1968,6755000
1968,6621000
1969,6642000
1969,6599000
1969,6784000
1969,6739000
1970,6663000
1970,6844000
1971,6605000
1971,6557000
1971,6729000
1972,6786000
1973,6776000
1973,6676000
1973,6625000
1973,6779000
1975,6768000
1975,6607000
1976,6650000
1976,6699000
1977,6713000
1978,6682000
1978,6679000
1978,6710000
1979,6861000
1979,6706000
1981,6699000
1981,6838000
1981,6735000
1982,6778000
1982,6725000
1982,6698000
1982,6862000
1983,6733000
1983,6683000
1984,6769000
1985,6754000
1987,6766000
1988,6736000
1988,6872000
1989,6871000
1989,6916000
1990,6696000
1990,6965000
1990,6866000
1991,6748000
1992,6866000
1992,6821000
1993,6697000
1994,6891000
1994,6746000
1994,6752000
1996,6863000
1997,6709000
1997,6849000
1999,6940000
2001,6856000
2001,6840000
2001,6780000
2002,6854000
2002,6893000
2002,6838000
2002,6876000
2002,6862000
2003,6798000
2003,6735000
2005,6924000
2005,6685000
2005,6871000
2006,6878000
2006,6985000
2007,6945000
2008,6974000
2008,6741000
2009,6963000
2009,6849000
2011,6811000
2011,6832000
2012,6939000
2013,6899000
2014,6905000
2014,7058000
2014,6896000
2015,6842000
2015,6914000
2016,6936000
2017,6716000
2017,7040000
2018,6765000
2019,6877000
2019,6940000
2019,6769000
2020,6794000
2020,6991000
2021,6997000
2022,6880000
2023,6856000
2024,6895000
2025,6861000
2026,6746000
2026,6853000
2027,6876000
2027,7037000
2027,6972000
2027,6867000
2027,6894000
2029,6847000
2029,6944000
2030,6958000
2030,6909000
2030,6866000
2030,7052000
2031,6938000
2031,6999000
2031,7012000
2032,6920000
2032,6993000
2032,6919000
2032,6966000
2033,7137000
2034,6942000
2034,6976000
2034,6810000
2034,6913000
2035,7064000
2036,6926000
2036,6909000
2036,7011000
2037,7003000
2038,7023000
2038,6970000
2039,7120000
2040,6839000
2040,6924000
2040,6836000
2041,6913000
2041,6933000
2041,7033000
2042,7032000
2042,6995000
2042,7054000
2042,6849000
2044,6983000
2044,7051000
2044,6939000
2045,7091000
2045,6947000
2045,6998000
2048,6915000
2048,7072000
2049,6967000
2050,7145000
2050,6936000
2050,7108000
2051,6911000
2052,6992000
2053,7057000
2053,7016000
2053,6979000
2054,6925000
2055,7083000
2055,7037000
2055,6964000
2057,7061000
2057,6865000
2058,7013000
2058,6980000
2059,7041000
2059,7043000
2060,7002000
2060,7046000
2060,7016000
2062,6944000
2063,6998000
2064,7153000
2065,7081000
2065,7118000
2066,7029000
2067,6946000
2068,7086000
2068,7015000
2068,7023000
2068,7158000
2068,7037000
2068,7071000
2069,7033000
2069,7113000
2070,6956000
2070,7106000
2070,7075000
2071,7091000
2071,7049000
2071,7201000
2073,7066000
2073,7071000
2074,6914000
2075,7110000
2077,7162000
2078,7065000
2078,7057000
2078,7186000
2078,7089000
2078,7051000
2078,7043000
2079,7128000
2080,7028000
2080,7009000
2080,7056000
2082,7090000
2082,7096000
2083,7229000
2084,7068000
2084,7201000
2085,7147000
2086,7009000
2086,7176000
2087,7216000
2087,7275000
2087,7167000
2088,7318000
2088,7106000
2089,7176000
2090,7088000
2091,7209000
2091,7242000
2091,7175000
2092,7235000
2093,7170000
2093,7124000
2093,7139000
2093,7110000
2094,7302000
2094,7001000
2095,7205000
2095,7160000
2095,7137000
2096,7072000
2097,7220000
2098,7016000
2098,7277000
2098,7283000
2098,7136000
2100,7240000
2100,7214000
2100,7202000
2100,7268000
2101,7121000
2101,7188000
2102,7298000
2103,7231000
2103,7182000
2104,7243000
2104,7084000
2105,7242000
2106,7012000
2106,7175000
2106,7316000
2107,7202000
2107,7193000
2107,7284000
2108,7223000
2108,7193000
2109,7219000
2110,7283000
2111,7233000
2111,7138000
2112,7215000
2112,7193000
2113,7156000
2114,7128000
2115,7239000
2116,7190000
2116,7193000
2116,7217000
2119,7227000
2119,7183000
2120,7112000
2120,7299000
2120,7152000
2121,7244000
2122,7289000
2122,7253000
2123,7331000
2123,7321000
2124,7220000
2125,7401000
2126,7254000
2126,7386000
2126,7312000
2126,7309000
2127,7341000
2127,7309000
2127,7387000
2128,7259000
2129,7342000
2129,7337000
2131,7438000
2131,7447000
2132,7381000
2132,7357000
2132,7401000
2134,7408000
2134,7329000
2135,7227000
2135,7272000
2136,7364000
2136,7327000
2137,7267000
2137,7257000
2138,7329000
2139,7318000
2139,7400000
2139,7346000
2139,7333000
2140,7396000
2141,7203000
2145,7371000
2145,7163000
2146,7384000
2147,7374000
2148,7457000
2148,7476000
2150,7392000
2150,7377000
2150,7319000
2151,7324000
2152,7290000
2152,7288000
2152,7419000
2153,7395000
2153,7251000
2154,7262000
2155,7419000
2156,7355000
2157,7249000
2159,7431000
2159,7382000
2160,7547000
2160,7453000
2160,7326000
2161,7523000
2161,7442000
2161,7438000
2162,7377000
2162,7364000
2162,7321000
2162,7410000
2163,7435000
2163,7532000
2163,7305000
2163,7411000
2164,7221000
2165,7592000
2165,7451000
2165,7277000
2165,7384000
2165,7491000
2166,7490000
2166,7479000
2167,7317000
2168,7421000
2168,7431000
2168,7284000
2168,7472000
2170,7254000
2171,7312000
2171,7439000
2171,7464000
2171,7414000
2171,7430000
2171,7412000
2172,7398000
2172,7363000
2173,7411000
2173,7375000
2173,7606000
2173,7352000
2173,7390000
2174,7285000
2174,7467000
2174,7482000
2175,7383000
2175,7509000
2175,7388000
2176,7419000
2177,7512000
2177,7650000
2177,7518000
2178,7443000
2178,7561000
2178,7597000
2179,7380000
2180,7431000
2180,7478000
2181,7532000
2183,7499000
2183,7438000
2184,7379000
2184,7548000
2186,7539000
2186,7378000
2187,7485000
2187,7469000
2188,7621000
2188,7504000
2188,7549000
2189,7716000
2190,7595000
2191,7408000
2191,7520000
2193,7591000
2193,7517000
2194,7416000
2195,7487000
2197,7604000
2197,7441000
2198,7491000
2198,7410000
2198,7602000
2199,7622000
2201,7482000
2201,7629000
2201,7480000
2203,7548000
2203,7379000
2203,7646000
2205,7610000
2205,7480000
2205,7596000
2206,7571000
2206,7643000
2207,7507000
2207,7654000
2207,7489000
2207,7635000
2208,7527000
2209,7542000
2209,7566000
2210,7516000
2210,7599000
2211,7356000
2211,7550000
2212,7583000
2212,7757000
2213,7518000
2214,7546000
2214,7677000
2214,7586000
2215,7555000
2215,7597000
2216,7707000
2216,7582000
2218,7645000
2218,7595000
2220,7677000
2221,7712000
2222,7584000
2222,7680000
2223,7588000
2224,7672000
2224,7675000
2225,7705000
2226,7650000
2227,7670000
2231,7684000
2231,7492000
2231,7749000
2231,7722000
2231,7794000
2232,7552000
2233,7628000
2233,7635000
2233,7617000
2233,7703000
2234,7637000
2234,7717000
2234,7734000
2234,7698000
2235,7626000
2235,7808000
2235,7732000
2237,7638000
2237,7652000
2237,7542000
2238,7721000
2239,7670000
2239,7831000
2240,7714000
2240,7658000
2240,7807000
2241,7681000
2241,7734000
2241,7721000
2242,7733000
2242,7723000
2242,7717000
2242,7741000
2243,7793000
2244,7651000
2245,7698000
2245,7831000
2246,7839000
2246,7686000
2246,7864000
2247,7702000
2247,7726000
2247,7877000
2247,7567000
2248,7856000
2249,7794000
2252,7876000
2253,7607000
2254,7601000
2254,7779000
2255,7772000
2256,7800000
2258,7872000
2259,7845000
2259,7740000
2260,7879000
2263,7832000
2263,7845000
2264,7846000
2264,7875000
2264,7836000
2266,7692000
2266,7817000
2267,7865000
2268,7810000
2269,7643000
2269,7623000
2271,7748000
2272,7759000
2273,7883000
2273,7993000
2273,7643000
2274,7844000
2274,7961000
2275,7951000
2276,7820000
2276,7912000
2277,7823000
2277,7820000
2278,7832000
2279,7916000
2279,7715000
2279,7775000
2279,7950000
2279,7809000
2279,8081000
2280,7932000
2280,7792000
2282,7894000
2283,7885000
2283,7706000
2284,7758000
2285,7730000
2287,7735000
2288,7875000
2289,7910000
2289,7721000
2290,7807000
2291,7859000
2292,7861000
2292,7797000
2292,7825000
2292,7971000
2293,7853000
2293,7960000
2293,7800000
2293,7849000
2294,7876000
2295,7851000
2295,7985000
2296,7943000
2297,8119000
2299,7896000
2299,7914000
2300,7923000
2300,7862000
2300,7890000
2301,7928000
2301,7855000
2301,7923000
2302,8047000
2303,8038000
2303,7965000
2303,7933000
2304,7823000
2304,7816000
2305,7894000
2305,7835000
2305,8014000
2306,7925000
2307,7917000
2307,8027000
2307,7963000
2307,7886000
2307,7925000
2307,7975000
2308,8070000
2308,7872000
2310,7974000
2310,8059000
2311,7867000
2312,8010000
2312,7905000
2312,7799000
2313,7851000
2314,7932000
2314,8030000
2317,7940000
2318,7938000
2319,8074000
2319,8103000
2319,7962000
2319,7934000
2319,7762000
2320,8088000
2320,7917000
2320,7912000
2320,7962000
2321,8000000
2322,7996000
2322,7893000
2322,8002000
2323,7910000
2323,7880000
2323,8066000
2323,7948000
2324,7923000
2324,7988000
2324,8027000
2324,7959000
2324,7860000
2324,8054000
2325,8089000
2325,8024000
2325,8023000
2325,7975000
2326,8036000
2326,7991000
2327,7961000
2327,8029000
2327,8086000
2327,7951000
2328,8139000
2329,7995000
2329,7979000
2329,8018000
2330,7909000
2331,7971000
2331,8005000
2331,8122000
2332,8156000
2332,8060000
2333,8106000
2334,8073000
2334,7974000
2334,8033000
2334,8059000
2335,8033000
2337,8152000
2337,8111000
2340,8102000
2341,8135000
2341,8119000
2342,8100000
2342,8002000
2343,8059000
2344,8044000
2344,8045000
2347,8061000
2348,8103000
2348,8013000
2349,7974000
2350,8095000
2350,8072000
2350,8090000
2351,8272000
2351,8098000
2351,7945000
2351,8197000
2352,8092000
2352,8298000
2353,8099000
2353,8190000
2354,7962000
2354,8036000
2355,8031000
2357,8057000
2359,8036000
2360,8160000
2360,8095000
2361,8126000
2361,8064000
2362,8168000
2363,8149000
2363,8197000
2363,8182000
2363,8270000
2365,8036000
2365,8051000
2366,7992000
2367,8035000
2367,8108000
2368,8159000
2369,8154000
2370,8244000
2370,8206000
2370,8046000
2370,8211000
2371,8140000
2372,8094000
2372,8207000
2374,8287000
2374,8345000
2374,8197000
2374,8259000
2376,8277000
2376,8317000
2377,8188000
2377,8167000
2378,8100000
2378,8140000
2378,8174000
2378,8205000
2378,8196000
2379,8207000
2380,8173000
2380,8112000
2381,8164000
2381,8203000
2382,8274000
2383,8323000
2384,8192000
2384,8097000
2384,8202000
2385,8295000
2385,8322000
2385,8247000
2386,8117000
2387,8183000
2388,8174000
2388,8234000
2389,8253000
2389,8218000
2390,8226000
2391,8205000
2392,8254000
2393,8092000
2393,8161000
2393,8196000
2393,8286000
2393,8334000
2394,8349000
2395,8301000
2396,8187000
2396,8297000
2396,8284000
2397,8336000
2397,8301000
2400,8264000
2400,8279000
2400,8201000
2400,8278000
2401,8267000
2401,8185000
2404,8270000
2405,8230000
2405,8429000
2406,8163000
2406,8303000
2406,8437000
2406,8320000
2407,8186000
2407,8310000
2408,8254000
2409,8178000
2410,8278000
2410,8387000
2410,8337000
2410,8176000
2410,8392000
2411,8306000
2412,8280000
2413,8357000
2413,8191000
2413,8385000
2414,8451000
2415,8216000
2415,8275000
2416,8251000
2417,8451000
2418,8372000
2419,8438000
2420,8210000
2420,8392000
2422,8224000
2422,8500000
2423,8533000
2424,8446000
2427,8386000
2427,8455000
2427,8225000
2430,8324000
2431,8367000
2432,8321000
2432,8314000
2436,8365000
2437,8510000
2437,8401000
2439,8316000
2439,8393000
2440,8456000
2441,8521000
2442,8321000
2442,8370000
2443,8374000
2445,8421000
2446,8505000
2446,8427000
2446,8394000
2446,8440000
2446,8448000
2446,8497000
2447,8410000
2447,8493000
2447,8499000
2448,8496000
2449,8525000
2449,8389000
2449,8480000
2450,8496000
2450,8508000
2451,8386000
2451,8520000
2452,8448000
2452,8487000
2452,8514000
2452,8472000
2453,8401000
2453,8382000
2453,8560000
2455,8527000
2455,8442000
2455,8371000
2456,8389000
2456,8421000
2456,8464000
2457,8465000
2457,8429000
2457,8546000
2458,8559000
2459,8522000
2460,8520000
2461,8550000
2461,8425000
2462,8525000
2462,8461000
2462,8498000
2464,8494000
2466,8582000
2466,8567000
2467,8536000
2467,8700000
2467,8439000
2467,8449000
2468,8580000
2468,8579000
2468,8500000
2469,8604000
2469,8692000
2470,8600000
2470,8492000
2470,8462000
2471,8561000
2471,8630000
2472,8437000
2472,8679000
2472,8494000
2472,8461000
2473,8494000
2474,8469000
2474,8432000
2474,8498000
2474,8512000
2475,8734000
2475,8489000
2476,8574000
2477,8666000
2477,8596000
2477,8512000
2478,8573000
2478,8621000
2478,8518000
2479,8565000
2479,8444000
2479,8425000
2480,8507000
2481,8528000
2482,8662000
2482,8604000
2482,8506000
2485,8475000
2485,8705000
2486,8646000
2486,8536000
2487,8550000
2487,8696000
2487,8590000
2488,8626000
2489,8698000
2489,8730000
2489,8524000
2490,8614000
2490,8588000
2490,8494000
2490,8516000
2491,8587000
2491,8473000
2491,8592000
2492,8626000
2492,8771000
2492,8610000
2492,8591000
2493,8541000
2493,8666000
2494,8615000
2495,8606000
2497,8606000
2497,8577000
2498,8637000
2499,8622000
2499,8484000
2499,8655000
2499,8624000
2500,8552000
2500,8733000
2500,8569000
2500,8551000
2501,8627000
2501,8693000
2502,8605000
2503,8841000
2504,8612000
2505,8710000
2505,8677000
2505,8689000
2506,8667000
2506,8563000
2506,8738000
2507,8743000
2508,8706000
2508,8860000
2509,8577000
2509,8736000
2509,8723000
2509,8713000
2510,8647000
2510,8643000
2511,8634000
2511,8526000
2512,8685000
2512,8840000
2513,8644000
2514,8835000
2514,8731000
2515,8678000
2517,8640000
2518,8716000
2518,8582000
2518,8705000
2518,8689000
2518,8587000
2519,8836000
2521,8807000
2521,8667000
2522,8761000
2523,8853000
2525,8678000
2525,8748000
2526,8761000
2526,8726000
2526,8826000
2527,8680000
2528,8777000
2528,8737000
2529,8793000
2529,8693000
2529,8759000
2530,8706000
2531,8799000
2532,8768000
2533,8819000
2536,8704000
2536,8907000
2536,8736000
2536,8700000
2537,8763000
2537,8947000
2539,8753000
2539,8791000
2540,8816000
2540,8914000
2541,8726000
2542,8785000
2542,8930000
2544,8800000
2544,8699000
2544,8793000
2546,8783000
2546,8742000
2549,8788000
2549,8790000
2549,8706000
2550,8746000
2550,8753000
2552,8689000
2553,8899000
2553,8955000
2553,8915000
2553,8893000
2554,8937000
2555,8787000
2555,8855000
2556,8788000
2556,8855000
2556,8783000
2557,8940000
2557,8954000
2557,8928000
2559,8970000
2559,8896000
2559,8906000
2560,8950000
2560,8883000
2560,8795000
2560,8789000
2561,8771000
2562,8881000
2562,8736000
2562,8853000
2562,8712000
2563,8846000
2564,8780000
2565,8978000
2566,8724000
2569,8901000
2570,8799000
2571,9103000
2572,8889000
2572,8952000
2572,8883000
2572,9067000
2574,8939000
2574,9029000
2574,9092000
2574,8864000
2575,9008000
2575,8904000
2576,8959000
2576,8903000
2576,9016000
2576,8961000
2576,8895000
2577,8908000
2577,9068000
2577,8883000
2578,8855000
2578,8802000
2579,8811000
2580,8971000
2580,8938000
2583,8815000
2584,8766000
2585,9012000
2585,8853000
2586,8949000
2586,8939000
2588,8985000
2589,9090000
2589,9007000
2590,9107000
2590,9032000
2592,9014000
2592,8929000
2592,8903000
2593,9155000
2594,9031000
2595,8990000
2595,9023000
2596,9078000
2596,9066000
2596,8899000
2597,8911000
2598,8999000
2599,9029000
2599,9034000
2599,8921000
2599,9050000
2600,9012000
2600,9118000
2601,8862000
2601,9032000
2601,9139000
2602,8985000
2603,9014000
2603,9085000
2603,9002000
2604,8961000
2604,8939000
2604,8950000
2605,8867000
2605,8919000
2605,9043000
2606,9025000
2606,9047000
2606,9039000
2606,9048000
2606,9020000
2608,8979000
2608,8998000
2609,9157000
2610,9188000
2610,9025000
2610,9128000
2612,8956000
2612,9130000
2615,9045000
2615,9156000
2615,9106000
2615,8994000
2616,9059000
2616,8999000
2616,9093000
2616,9026000
2616,8955000
2616,9010000
2617,8955000
2617,8976000
2617,9082000
2617,9025000
2618,9093000
2618,9126000
2618,8904000
2618,9098000
2620,8989000
2620,9069000
2620,9055000
2620,9046000
2621,8979000
2621,9139000
2622,8990000
2622,8954000
2622,9147000
2623,9165000
2623,9062000
2623,9054000
2625,9109000
2625,9008000
2626,9035000
2626,9115000
2626,9240000
2626,9105000
2627,9093000
2627,9229000
2628,9009000
2630,9234000
2630,9221000
2631,9236000
2632,9265000
2633,9137000
2633,9103000
2634,8982000
2635,9196000
2635,9178000
2635,9097000
2636,9293000
2637,9245000
2637,9090000
2638,9162000
2638,9212000
2638,9119000
2639,9177000
2639,9081000
2641,9171000
2641,9153000
2641,9178000
2641,8993000
2641,9161000
2641,9124000
2642,9111000
2642,9090000
2642,9023000
2643,9336000
2644,9100000
2646,9173000
2646,9269000
2647,9101000
2648,9300000
2648,9136000
2649,9110000
2649,9161000
2650,9027000
2650,9132000
2651,9143000
2651,9156000
2651,9153000
2652,9168000
2653,9218000
2653,9178000
2653,9239000
2655,9196000
2655,9205000
2655,9267000
2655,9332000
2656,9280000
2656,9322000
2657,9247000
2658,9215000
2658,9207000
2658,9236000
2659,9363000
2659,9290000
2660,9175000
2660,9266000
2661,9108000
2662,9238000
2662,9349000
2663,9305000
2663,9123000
2665,9142000
2665,9262000
2667,9326000
2667,9112000
2669,9285000
2670,9409000
2671,9253000
2671,9296000
2671,9307000
2672,9272000
2674,9215000
2674,9176000
2674,9288000
2674,9206000
2674,9218000
2674,9325000
2675,9244000
2675,9336000
2676,9215000
2676,9207000
2676,9332000
2677,9243000
2679,9261000
2679,9414000
2681,9262000
2682,9082000
2682,9330000
2684,9322000
2685,9349000
2685,9373000
2686,9386000
2686,9248000
2687,9296000
2687,9388000
2688,9207000
2688,9330000
2688,9499000
2689,9254000
2689,9289000
2690,9330000
2690,9308000
2690,9184000
2691,9357000
2691,9300000
2691,9504000
2692,9244000
2692,9227000
2692,9443000
2692,9405000
2693,9266000
2694,9289000
2694,9373000
2694,9400000
2695,9372000
2696,9270000
2697,9361000
2697,9351000
2698,9195000
2698,9268000
2698,9416000
2699,9303000
2699,9307000
2699,9405000
2701,9279000
2701,9533000
2702,9324000
2702,9365000
2703,9310000
2703,9343000
2703,9360000
2703,9358000
2704,9513000
2704,9423000
2704,9462000
2705,9439000
2706,9269000
2706,9331000
2706,9316000
2707,9450000
2707,9274000
2709,9503000
2709,9363000
2711,9341000
2711,9400000
2711,9339000
2712,9429000
2712,9368000
2713,9399000
2714,9335000
2714,9377000
2714,9482000
2715,9397000
2715,9356000
2715,9457000
2716,9450000
2716,9418000
2716,9588000
2718,9528000
2719,9542000
2720,9338000
2720,9456000
2722,9359000
2722,9578000
2723,9450000
2724,9444000
2724,9486000
2725,9510000
2726,9370000
2726,9491000
2727,9539000
2728,9424000
2730,9421000
2731,9521000
2731,9464000
2732,9498000
2732,9418000
2733,9522000
2733,9434000
2733,9422000
2735,9457000
2735,9473000
2736,9680000
2736,9564000
2736,9467000
2737,9467000
2737,9553000
2738,9632000
2738,9373000
2739,9369000
2739,9558000
2739,9515000
2740,9495000
2740,9711000
2741,9566000
2741,9566000
2742,9547000
2743,9442000
2743,9373000
2743,9516000
2744,9390000
2744,9572000
2746,9690000
2746,9630000
2747,9527000
2748,9600000
2750,9673000
2750,9551000
2750,9426000
2751,9548000
2752,9453000
2752,9528000
2752,9493000
2753,9430000
2754,9669000
2754,9685000
2755,9617000
2755,9726000
2755,9422000
2756,9626000
2757,9655000
2757,9544000
2757,9642000
2758,9551000
2759,9574000
2760,9607000
2760,9548000
2761,9746000
2761,9555000
2762,9522000
2762,9623000
2762,9642000
2763,9606000
2763,9511000
2763,9535000
2764,9700000
2764,9565000
2765,9612000
2765,9655000
2765,9616000
2765,9661000
2766,9602000
2767,9738000
2768,9445000
2769,9498000
2769,9702000
2770,9522000
2770,9555000
2773,9667000
2773,9600000
2773,9756000
2773,9660000
2773,9686000
2774,9674000
2776,9718000
2776,9614000
2776,9636000
2777,9805000
2777,9583000
2777,9592000
2777,9578000
2779,9687000
2779,9666000
2779,9673000
2781,9645000
2781,9577000
2782,9845000
2782,9598000
2782,9661000
2783,9670000
2783,9646000
2784,9674000
2786,9642000
2787,9705000
2788,9798000
2788,9608000
2789,9596000
2789,9584000
2789,9707000
2790,9818000
2791,9720000
2792,9827000
2793,9637000
2795,9583000
2796,9590000
2797,9623000
2797,9821000
2797,9817000
2797,9686000
2797,9881000
2798,9718000
2798,9776000
2799,9766000
2800,9846000
2800,9756000
2800,9711000
2801,9659000
2802,9731000
2802,9701000
2803,9752000
2803,9796000
2803,9798000
2804,9620000
2804,9608000
2805,9839000
2805,9781000
2805,9726000
2805,9884000
2807,9867000
2807,9786000
2807,9825000
2807,9653000
2808,9755000
2808,9857000
2809,9749000
2809,9807000
2810,9837000
2810,9763000
2812,9749000
2812,9850000
2813,9860000
2815,9735000
2815,9823000
2816,9778000
2817,9796000
2817,9771000
2818,9733000
2818,9848000
2819,9842000
2819,9821000
2819,9824000
2820,9908000
2820,9681000
2820,9736000
2821,9748000
2822,9662000
2822,9695000
2825,9845000
2826,9910000
2827,9804000
2827,9819000
2828,9759000
2829,9935000
2829,9826000
2829,9803000
2829,9895000
2830,9997000
2830,9889000
2830,9777000
2831,9904000
2832,9865000
2834,9825000
2834,9906000
2835,9698000
2835,10011000
2836,9920000
2836,9968000
2837,9898000
2838,9853000
2838,9921000
2839,10059000
2839,9935000
2839,9820000
2841,9854000
2841,9891000
2842,9869000
2843,9868000
2843,9865000
2843,9942000
2843,9816000
2843,9930000
2843,9865000
2844,10053000
2845,9968000
2845,9857000
2846,9933000
2846,9912000
2848,9981000
2849,9918000
2849,9901000
2850,9939000
2851,9789000
2851,9928000
2852,9856000
2854,9857000
2854,9850000
2854,9776000
2855,9882000
2855,9964000
2855,9826000
2856,9974000
2856,9947000
2856,9895000
2856,10038000
2859,9984000
2859,9939000
2859,9967000
2859,9852000
2862,10023000
2862,10019000
2863,9916000
2864,10045000
2864,10055000
2865,10003000
2865,9937000
2865,10103000
2866,9958000
2867,9915000
2867,9996000
2867,9991000
2868,9997000
2870,9937000
2870,9998000
2871,10007000
2871,10135000
2871,9902000
2872,10072000
2873,9976000
2873,9919000
2875,9916000
2875,10089000
2875,9944000
2876,10183000
2877,10048000
2878,10115000
2878,10141000
2878,10096000
2879,9974000
2879,10024000
2879,9950000
2880,9941000
2880,9950000
2880,10013000
2881,10064000
2881,9964000
2882,9901000
2882,10025000
2883,9906000
2883,10018000
2884,9965000
2884,9942000
2885,10146000
2885,9958000
2885,10055000
2885,10084000
2886,9952000
2887,10013000
2887,10012000
2888,10167000
2890,10112000
2890,10190000
2891,10058000
2891,10070000
2892,10041000
2892,10124000
2893,9955000
2895,10077000
2895,10242000
2898,9984000
2898,10029000
2900,10046000
2900,10026000
2900,10152000
2900,10067000
2900,10096000
2901,10089000
2901,10234000
2902,10176000
2902,10042000
2902,10106000
2902,10087000
2903,10117000
2903,10182000
2904,10091000
2904,10204000
2904,10019000
2904,9978000
2905,10060000
2906,10171000
2907,10075000
2908,10173000
2908,10077000
2909,10117000
2909,10017000
2909,10118000
2909,10127000
2910,10192000
2910,10114000
2911,10176000
2911,10120000
2912,10287000
2912,10251000
2913,9974000
2913,10251000
2914,10061000
2914,10122000
2916,10286000
2917,10206000
2919,10128000
2919,10168000
2920,10284000
2920,10026000
2920,10192000
2921,10142000
2921,10091000
2921,10132000
2922,10260000
2922,10111000
2923,10325000
2923,10064000
2924,10182000
2924,10194000
2925,10274000
2926,10217000
2926,10314000
2927,10304000
2927,10193000
2929,10295000
2929,10211000
2929,10134000
2930,10206000
2930,10263000
2932,10138000
2932,10265000
2933,10288000
2934,10307000
2934,10253000
2934,10284000
2934,10245000
2935,10140000
2935,10182000
2936,10179000
2936,10342000
2936,10179000
2937,10312000
2937,10255000
2938,10242000
2938,10159000
2940,10275000
2941,10238000
2941,10265000
2941,10165000
2941,10198000
2942,10264000
2942,10171000
2943,10321000
2943,10284000
2943,10154000
2944,10301000
2944,10379000
2944,10309000
2945,10232000
2945,10388000
2946,10134000
2947,10245000
2947,10187000
2948,10174000
2949,10287000
2949,10263000
2949,10304000
2949,10384000
2950,10401000
2950,10148000
2950,10389000
2950,10121000
2951,10257000
2952,10348000
2953,10337000
2953,10334000
2953,10379000
2954,10408000
2954,10228000
2954,10297000
2955,10357000
2955,10284000
2956,10270000
2956,10295000
2958,10315000
2959,10298000
2961,10159000
2961,10258000
2962,10310000
2963,10352000
2964,10233000
2964,10352000
2964,10194000
2965,10280000
2965,10372000
2968,10452000
2968,10254000
2968,10305000
2969,10368000
2969,10305000
2970,10158000
2970,10329000
2970,10430000
2970,10414000
2970,10480000
2970,10490000
2971,10324000
2971,10395000
2971,10187000
2972,10382000
2972,10371000
2972,10327000
2973,10275000
2973,10413000
2973,10371000
2973,10318000
2974,10376000
2975,10363000
2977,10289000
2977,10339000
2977,10295000
2977,10423000
2979,10585000
2982,10421000
2983,10485000
2983,10373000
2983,10318000
2983,10362000
2984,10334000
2984,10413000
2985,10426000
2985,10378000
2985,10350000
2986,10478000
2986,10461000
2986,10461000
2987,10333000
2988,10517000
2988,10465000
2989,10446000
2989,10391000
2989,10426000
2989,10544000
2990,10508000
2990,10451000
2991,10490000
2992,10429000
2992,10503000
2992,10413000
2994,10631000
2994,10436000
2995,10559000
2995,10402000
2995,10488000
2995,10339000
2995,10423000
2995,10559000
2996,10548000
2996,10463000
2997,10472000
2998,10631000
2999,10404000
3000,10289000
3001,10452000
3003,10471000
3003,10538000
3003,10470000
3005,10458000
3005,10433000
3006,10491000
3006,10430000
3006,10466000
3006,10349000
3008,10521000
3009,10531000
3009,10520000
3010,10607000
3010,10499000
3010,10553000
3010,10491000
3011,10509000
3011,10685000
3012,10447000
3013,10648000
3014,10746000
3014,10484000
3014,10494000
3015,10589000
3015,10502000
3016,10637000
3016,10564000
3016,10501000
3016,10527000
3017,10484000
3017,10534000
3017,10628000
3019,10422000
3019,10644000
3019,10574000
3019,10408000
3019,10451000
3021,10540000
3021,10546000
3022,10529000
3022,10429000
3022,10643000
3022,10569000
3023,10604000
3023,10366000
3024,10547000
3024,10561000
3024,10548000
3025,10585000
3025,10501000
3025,10437000
3026,10517000
3026,10571000
3027,10663000
3027,10655000
3027,10587000
3027,10503000
3028,10480000
3029,10572000
3030,10610000
3031,10583000
3031,10638000
3031,10610000
3032,10519000
3032,10563000
3033,10629000
3033,10521000
3033,10607000
3034,10477000
3034,10530000
3034,10500000
3035,10579000
3035,10492000
3036,10663000
3037,10434000
3037,10566000
3038,10528000
3038,10641000
3038,10532000
3040,10590000
3040,10555000
3040,10646000
3042,10502000
3042,10503000
3042,10580000
3042,10555000
3043,10785000
3044,10444000
3045,10624000
3045,10533000
3048,10660000
3049,10745000
3050,10603000
3050,10521000
3050,10638000
3050,10646000
3050,10546000
3050,10719000
3051,10559000
3052,10690000
3052,10681000
3054,10684000
3054,10648000
3054,10558000
3055,10615000
3057,10554000
3058,10680000
3059,10773000
3059,10618000
3059,10529000
3060,10740000
3060,10683000
3060,10585000
3060,10603000
3061,10752000
3061,10614000
3063,10617000
3063,10711000
3063,10733000
3064,10720000
3065,10765000
3067,10639000
3068,10602000
3068,10770000
3069,10630000
3069,10767000
3072,10609000
3072,10669000
3072,10599000
3073,10779000
3074,10745000
3075,10819000
3075,10683000
3076,10751000
3077,10736000
3077,10671000
3077,10725000
3077,10642000
3078,10816000
3079,10825000
3079,10780000
3079,10712000
3080,10711000
3080,10747000
3080,10788000
3081,10852000
3081,10824000
3081,10818000
3082,10644000
3083,10700000
3084,10832000
3086,10659000
3086,10762000
3086,10742000
3087,10830000
3087,10954000
3087,10733000
3087,10826000
3088,10747000
3088,10710000
3088,10903000
3088,10777000
3091,10776000
3091,10868000
3092,10794000
3092,10884000
3093,10753000
3093,10729000
3093,10874000
3094,10849000
3095,10746000
3096,10610000
3096,10910000
3097,10701000
3098,10825000
3099,10854000
3099,10935000
3100,10908000
3101,10925000
3102,10772000
3102,10883000
3102,10748000
3102,10847000
3103,10787000
3103,10916000
3103,10809000
3105,10877000
3105,10934000
3105,10917000
3105,10776000
3106,10757000
3106,10873000
3106,10859000
3107,10989000
3107,10910000
3107,10884000
3108,10926000
3108,10794000
3109,10836000
3109,10880000
3110,10872000
3111,10714000
3111,10973000
3111,10772000
3112,10880000
3114,11080000
3114,10873000
3115,10831000
3115,10844000
3115,10826000
3115,11001000
3116,10904000
3116,10719000
3116,10928000
3116,10686000
3116,10911000
3116,10927000
3116,10844000
3117,10946000
3117,10931000
3117,10877000
3118,11011000
3118,10940000
3118,10841000
3119,10967000
3119,10891000
3119,11001000
3120,10874000
3120,10828000
3121,10826000
3121,11085000
3123,10928000
3123,10854000
3123,10866000
3123,10753000
3124,11064000
3124,10966000
3125,10778000
3125,10932000
3127,11085000
3127,10912000
3127,10976000
3127,10993000
3128,10898000
3128,10981000
3129,10913000
3129,10898000
3129,10916000
3129,10922000
3130,10910000
3131,10920000
3132,10939000
3132,11051000
3132,10957000
3133,10909000
3133,10889000
3135,11012000
3136,10940000
3137,11002000
3137,11037000
3137,10923000
3139,11032000
3139,11041000
3139,11113000
3139,11033000
3139,10983000
3140,10932000
3141,11030000
3141,10978000
3141,10999000
3142,10938000
3142,11028000
3142,10996000
3143,11007000
3143,10903000
3144,10929000
3145,11059000
3145,11150000
3147,10952000
3148,10887000
3149,11006000
3149,10921000
3149,11012000
3150,11008000
3150,11065000
3151,10931000
3151,11241000
3151,11034000
3152,11158000
3152,11091000
3153,11227000
3153,11138000
3153,10970000
3154,11078000
3154,10928000
3154,11083000
3154,11007000
3154,10969000
3155,11028000
3155,11175000
3155,10910000
3156,11109000
3156,11188000
3156,10960000
3158,11000000
3158,11023000
3159,11040000
3160,11037000
3160,11038000
3162,11075000
3162,11002000
3162,11077000
3163,11183000
3163,11034000
3164,10967000
3164,11137000
3164,10955000
3165,11144000
3165,11070000
3165,11000000
3167,11019000
3168,11183000
3169,11094000
3170,11217000
3170,11084000
3170,11048000
3171,11133000
3171,11146000
3172,11093000
3172,11057000
3173,11014000
3173,11278000
3174,11056000
3174,11260000
3176,11121000
3176,10980000
3176,11269000
3176,11084000
3177,11052000
3177,11063000
3177,11072000
3178,11116000
3178,11150000
3179,11079000
3180,11016000
3180,11140000
3181,11207000
3181,11114000
3181,11171000
3181,11128000
3181,11046000
3182,11002000
3182,10991000
3184,11084000
3184,11341000
3185,11129000
3185,11088000
3186,11138000
3187,11211000
3187,11178000
3188,11005000
3188,11131000
3188,11090000
3189,11247000
3189,11066000
3192,11114000
3192,11217000
3192,11117000
3192,11168000
3193,11252000
3193,11208000
3193,11190000
3194,11158000
3194,11068000
3194,11238000
3194,11033000
3195,11207000
3195,11269000
3195,11083000
3196,11104000
3197,11112000
3199,11254000
3199,11163000
3200,11220000
3201,11318000
3201,11263000
3201,11373000
3202,11193000
3202,11273000
3202,11307000
3202,11236000
3203,11306000
3204,11202000
3204,11047000
3205,11264000
3205,11113000
3205,11207000
3205,11249000
3206,11266000
3208,11177000
3209,11366000
3210,11092000
3210,11208000
3211,11239000
3211,11300000
3211,11175000
3211,11109000
3212,11221000
3212,11352000
3212,11238000
3213,11413000
3214,11202000
3214,11296000
3214,11281000
3215,11233000
3215,11128000
3215,11192000
3217,11290000
3217,11359000
3221,11393000
3223,11204000
3224,11333000
3225,11202000
3225,11313000
3225,11253000
3225,11405000
3226,11297000
3226,11285000
3227,11311000
3227,11192000
3227,11255000
3227,11302000
3228,11164000
3228,11249000
3229,11380000
3229,11304000
3230,11333000
3230,11370000
3230,11189000
3231,11428000
3232,11210000
3233,11236000
3233,11364000
3233,11499000
3233,11364000
3235,11345000
3235,11368000
3236,11234000
3237,11314000
3237,11244000
3237,11292000
3240,11344000
3240,11324000
3241,11256000
3241,11201000
3241,11420000
3242,11333000
3242,11425000
3242,11272000
3243,11413000
3243,11260000
3243,11320000
3244,11313000
3244,11456000
3245,11274000
3246,11355000
3246,11283000
3246,11341000
3247,11356000
3251,11427000
3252,11452000
3252,11493000
3252,11320000
3253,11313000
3253,11356000
3254,11416000
3254,11431000
3255,11431000
3255,11296000
3255,11519000
3256,11447000
3257,11399000
3258,11460000
3258,11454000
3259,11477000
3259,11445000
3259,11429000
3260,11375000
3260,11381000
3261,11543000
3261,11505000
3262,11367000
3262,11416000
3262,11392000
3262,11548000
3262,11363000
3264,11570000
3264,11403000
3265,11468000
3265,11385000
3266,11453000
3267,11467000
3268,11466000
3268,11557000
3269,11270000
3270,11326000
3271,11469000
3271,11420000
3271,11375000
3272,11583000
3272,11297000
3273,11521000
3274,11507000
3274,11486000
3275,11458000
3275,11470000
3276,11290000
3276,11364000
3276,11515000
3277,11500000
3277,11638000
3278,11473000
3279,11428000
3280,11552000
3281,11456000
3281,11470000
3282,11547000
3284,11508000
3285,11423000
3286,11639000
3286,11581000
3286,11412000
3288,11420000
3290,11525000
3291,11600000
3291,11469000
3292,11411000
3292,11362000
3293,11505000
3294,11527000
3295,11644000
3295,11459000
3296,11300000
3297,11472000
3298,11533000
3299,11533000
3299,11565000
3301,11564000
3303,11590000
3303,11642000
3304,11531000
3304,11654000
3304,11486000
3304,11592000
3306,11668000
3309,11685000
3310,11654000
3310,11479000
3311,11580000
3311,11497000
3312,11489000
3312,11496000
3313,11575000
3315,11643000
3316,11755000
3318,11664000
3318,11556000
3318,11485000
3319,11649000
3319,11545000
3320,11617000
3320,11701000
3321,11631000
3321,11654000
3321,11586000
3322,11458000
3322,11537000
3323,11718000
3324,11653000
3325,11629000
3325,11442000
3326,11629000
3326,11724000
3327,11679000
3327,11733000
3329,11776000
3330,11600000
3330,11548000
3331,11706000
3333,11681000
3333,11705000
3335,11765000
3337,11813000
3338,11596000
3339,11719000
3339,11791000
3339,11668000
3339,11661000
3339,11639000
3339,11579000
3340,11772000
3340,11742000
3341,11782000
3341,11753000
3342,11788000
3342,11751000
3344,11728000
3344,11819000
3345,11798000
3345,11717000
3346,11653000
3347,11790000
3347,11679000
3348,11799000
3348,11644000
3349,11791000
3349,11809000
3350,11740000
3350,11716000
3352,11801000
3352,11719000
3352,11861000
3352,11622000
3352,11775000
3353,11701000
3353,11626000
3353,11659000
3354,11741000
3354,11797000
3354,11697000
3357,11952000
3357,11780000
3357,11862000
3357,11834000
3358,11848000
3360,11814000
3361,11733000
3361,11770000
3361,11767000
3361,11620000
3361,11922000
3361,11752000
3362,11849000
3364,11687000
3364,11753000
3364,11797000
3364,11770000
3365,11813000
3365,11870000
3366,11814000
3366,11928000
3367,11902000
3367,11705000
3368,11871000
3368,11733000
3370,11848000
3370,11768000
3370,11918000
3372,11896000
3372,11798000
3372,11782000
3372,11886000
3373,11896000
3373,11895000
3374,11762000
3374,11787000
3375,11874000
3375,11716000
3376,11800000
3377,12039000
3378,11785000
3378,11887000
3378,11741000
3378,11825000
3381,11780000
3382,11813000
3382,11888000
3383,11803000
3385,11845000
3385,11905000
3385,12030000
3386,11931000
3386,11842000
3387,11932000
3387,11815000
3387,11901000
3387,11875000
3388,11898000
3388,11973000
3388,11918000
3389,11892000
3389,11920000
3390,11910000
3392,11921000
3392,11838000
3392,11846000
3393,11942000
3393,11972000
3394,11914000
3395,11962000
3395,11834000
3396,11879000
3397,11894000
3397,12069000
3397,12011000
3399,11922000
3400,12031000
3401,12042000
3401,12085000
3402,11974000
3403,11999000
3403,11776000
3403,11958000
3404,11851000
3405,11952000
3405,11945000
3406,11997000
3406,11888000
3407,11994000
3407,11981000
3410,11913000
3410,11995000
3410,11893000
3410,11809000
3412,12059000
3413,11972000
3413,11997000
3413,11947000
3413,12008000
3415,11891000
3415,11965000
3415,11864000
3416,12055000
3416,11949000
3416,11996000
3417,11804000
3417,12020000
3417,11968000
3418,11869000
3419,12051000
3419,12046000
3420,12045000
3420,12069000
3420,12033000
3421,11916000
3423,11983000
3423,11989000
3423,12093000
3424,12087000
3424,11919000
3424,12073000
3425,12006000
3425,12039000
3425,12063000
3426,12090000
3426,12056000
3426,11998000
3426,11944000
3427,11974000
3428,11975000
3430,11977000
3430,12189000
3431,12112000
3431,12221000
3432,11983000
3432,12113000
3433,12029000
3434,11996000
3434,12165000
3436,12125000
3437,12075000
3439,12021000
3439,12153000
3441,12052000
3441,12078000
3442,12060000
3442,12054000
3443,12105000
3443,12086000
3444,12069000
3444,11977000
3445,12200000
3445,12066000
3446,12199000
3447,12146000
3447,11997000
3447,11988000
3448,12122000
3448,12093000
3448,12051000
3449,12045000
3449,12053000
3450,12139000
3450,11981000
3451,12107000
3451,12037000
3451,11911000
3452,12189000
3452,12039000
3453,12131000
3453,12071000
3454,12149000
3454,12218000
3454,12180000
3455,12092000
3456,12151000
3458,12135000
3458,12148000
3459,12166000
3461,12014000
3462,12200000
3462,12234000
3462,12150000
3464,12196000
3465,12208000
3466,12148000
3466,12052000
3467,12323000
3467,11986000
3467,12189000
3468,12119000
3468,12247000
3470,12255000
3471,12242000
3472,12336000
3472,12224000
3472,12172000
3473,12266000
3474,12063000
3474,12187000
3475,12119000
3476,12160000
3476,12146000
3476,12249000
3476,12072000
3477,12164000
3478,12118000
3478,12266000
3478,12133000
3479,12113000
3481,12183000
3481,12315000
3481,12188000
3483,12206000
3484,12337000
3484,12260000
3485,12271000
3486,12167000
3486,12236000
3486,12269000
3487,12219000
3487,12240000
3489,12290000
3489,12264000
3490,12169000
3490,12313000
3491,12249000
3492,12292000
3492,12196000
3492,12227000
3492,12208000
3492,12116000
3493,12209000
3494,12276000
3494,12354000
3494,12022000
3495,12232000
3495,12351000
3495,12278000
3496,12292000
3497,12235000
3498,12152000
3498,12203000
3499,12257000
3500,12303000
3500,12255000
3500,12219000
3500,12291000
3502,12353000
3502,12205000
3502,12387000
3502,12250000
3504,12259000
3505,12231000
3506,12327000
3506,12330000
3507,12290000
3507,12225000
3508,12226000
3509,12415000
3510,12238000
3510,12299000
3510,12328000
3511,12191000
3512,12259000
3512,12274000
3513,12407000
3513,12399000
3513,12285000
3514,12326000
3516,12315000
3516,12448000
3517,12380000
3517,12515000
3518,12423000
3518,12353000
3518,12379000
3520,12341000
3521,12415000
3522,12620000
3523,12554000
3523,12368000
3524,12489000
3524,12407000
3524,12488000
3525,12288000
3525,12490000
3526,12408000
3526,12435000
3527,12576000
3529,12284000
3531,12434000
3531,12403000
3531,12261000
3532,12544000
3532,12430000
3533,12294000
3533,12287000
3534,12333000
3535,12425000
3536,12435000
3536,12325000
3536,12602000
3536,12385000
3536,12560000
3536,12464000
3537,12363000
3538,12420000
3538,12275000
3538,12413000
3539,12385000
3539,12399000
3540,12509000
3540,12414000
3540,12289000
3541,12445000
3541,12394000
3543,12417000
3544,12404000
3545,12444000
3546,12528000
3546,12545000
3548,12460000
3549,12511000
3549,12376000
3550,12422000
3550,12526000
3551,12309000
3551,12554000
3551,12460000
3552,12516000
3553,12485000
3553,12586000
3553,12398000
3554,12281000
3554,12432000
3554,12460000
3555,12364000
3555,12397000
3557,12389000
3557,12511000
3557,12550000
3559,12441000
3560,12582000
3560,12563000
3561,12489000
3562,12510000
3563,12633000
3563,12527000
3563,12487000
3563,12443000
3564,12489000
3565,12519000
3565,12521000
3565,12483000
3566,12482000
3566,12347000
3566,12462000
3567,12431000
3568,12655000
3570,12561000
3571,12649000
3572,12603000
3573,12597000
3573,12533000
3574,12557000
3574,12593000
3578,12699000
3578,12545000
3579,12463000
3579,12640000
3580,12662000
3580,12449000
3580,12632000
3580,12764000
3580,12660000
3582,12585000
3582,12595000
3582,12621000
3584,12680000
3584,12567000
3585,12623000
3585,12662000
3585,12548000
3585,12671000
3585,12707000
3586,12589000
3586,12489000
3587,12545000
3587,12518000
3587,12646000
3588,12477000
3588,12544000
3588,12681000
3588,12445000
3590,12631000
3590,12673000
3592,12636000
3592,12570000
3592,12817000
3593,12748000
3593,12657000
3593,12532000
3593,12520000
3593,12570000
3593,12664000
3594,12676000
3594,12557000
3595,12619000
3595,12642000
3596,12561000
3596,12592000
3597,12488000
3597,12655000
3597,12727000
3597,12725000
3597,12637000
3598,12661000
3598,12590000
3598,12778000
3599,12616000
3599,12614000
3602,12701000
3602,12558000
3602,12597000
3604,12729000
3604,12812000
3604,12535000
3604,12554000
3604,12790000
3605,12552000
3606,12726000
3606,12726000
3606,12711000
3606,12651000
3606,12735000
3607,12677000
3609,12592000
3609,12684000
3609,12734000
3610,12753000
3610,12656000
3611,12699000
3611,12655000
3612,12660000
3612,12698000
3613,12778000
3613,12564000
3613,12527000
3614,12725000
3615,12683000
3615,12660000
3615,12780000
3616,12599000
3617,12651000
3618,12810000
3618,12704000
3618,12735000
3619,12598000
3619,12804000
3620,12655000
3621,12673000
3622,12700000
3622,12722000
3623,12746000
3623,12658000
3624,12667000
3626,12916000
3626,12737000
3626,12729000
3626,12902000
3628,12850000
3628,12725000
3628,12783000
3629,12746000
3629,12713000
3629,12748000
3630,12699000
3631,12749000
3631,12761000
3631,12812000
3632,12765000
3632,12675000
3633,12685000
3633,12724000
3633,12807000
3634,12741000
3634,12767000
3634,12634000
3636,12777000
3637,12774000
3637,12763000
3638,12748000
3638,12739000
3638,12744000
3640,12684000
3642,12659000
3642,12744000
3645,12855000
3645,12784000
3645,12902000
3646,12981000
3647,12718000
3649,12894000
3650,12762000
3650,12674000
3650,12786000
3652,12836000
3652,12952000
3652,12762000
3654,12986000
3654,12897000
3655,12882000
3657,12813000
3657,12886000
3657,12801000
3658,12924000
3658,12845000
3659,12922000
3659,12813000
3660,12888000
3660,12807000
3661,12911000
3661,12829000
3661,12861000
3662,12794000
3662,12921000
3663,12855000
3663,12932000
3664,12979000
3664,12924000
3665,12944000
3665,12784000
3665,13005000
3666,12915000
3666,12908000
3666,12936000
3666,12946000
3667,12965000
3667,12816000
3669,13003000
3669,12904000
3671,12856000
3672,12993000
3673,13056000
3673,12927000
3673,12950000
3673,12825000
3674,12862000
3675,12961000
3675,12869000
3675,12949000
3675,13018000
3676,12826000
3679,12866000
3681,12923000
3681,12988000
3681,12872000
3681,13019000
3681,13083000
3682,12836000
3683,12726000
3683,12755000
3684,12934000
3685,13028000
3686,12972000
3686,12989000
3687,12929000
3687,12869000
3687,12899000
3688,12989000
3689,13039000
3690,12984000
3692,12915000
3692,13043000
3693,12945000
3693,12945000
3693,12882000
3694,13012000
3696,13062000
3697,12908000
3699,13008000
3699,13021000
3700,12973000
3700,13103000
